question,answer
وش الهدف من ما المقصود بخدمه نشر الكتب المتاحه في المجمع؟,جواب: خدمة نشر الكتاب تهدف إلى تمكين المستفيدين من نشر الكتب التي ترتبط بمجالات النشر في مجمع الملك عبد العزيز للمكتبات الوقفية، بما يتوافق مع احتياجات ومتطلبات العمل الخاصة بالمجمع. تهدف عملية نشر الكتب إلى دعم المؤلفين والباحثين، وتعزيز الثقافة والمعرفة من خلال نشر الأعمال الأدبية والعلمية.
ابي اعرف عن ما المقصود بخدمة نشر الكتب المتاحة في المجمع؟,جواب: خدمة نشر الكتاب تهدف إلى تمكين المستفيدين من نشر الكتب التي ترتبط بمجالات النشر في مجمع الملك عبد العزيز للمكتبات الوقفية، بما يتوافق مع احتياجات ومتطلبات العمل الخاصة بالمجمع. تهدف عملية نشر الكتب إلى دعم المؤلفين والباحثين، وتعزيز الثقافة والمعرفة من خلال نشر الأعمال الأدبية والعلمية.
ابي افهم ما المقصود بخدمة نشر الكتب المتاحة في المجمع؟,جواب: خدمة نشر الكتاب تهدف إلى تمكين المستفيدين من نشر الكتب التي ترتبط بمجالات النشر في مجمع الملك عبد العزيز للمكتبات الوقفية، بما يتوافق مع احتياجات ومتطلبات العمل الخاصة بالمجمع. تهدف عملية نشر الكتب إلى دعم المؤلفين والباحثين، وتعزيز الثقافة والمعرفة من خلال نشر الأعمال الأدبية والعلمية.
ما المقصود بخدمة نشر الكتب المتاحة في المجمع؟,جواب: خدمة نشر الكتاب تهدف إلى تمكين المستفيدين من نشر الكتب التي ترتبط بمجالات النشر في مجمع الملك عبد العزيز للمكتبات الوقفية، بما يتوافق مع احتياجات ومتطلبات العمل الخاصة بالمجمع. تهدف عملية نشر الكتب إلى دعم المؤلفين والباحثين، وتعزيز الثقافة والمعرفة من خلال نشر الأعمال الأدبية والعلمية.
وش الهدف من ما المقصود بخدمة نشر الكتب المتاحة في المجمع؟,جواب: خدمة نشر الكتاب تهدف إلى تمكين المستفيدين من نشر الكتب التي ترتبط بمجالات النشر في مجمع الملك عبد العزيز للمكتبات الوقفية، بما يتوافق مع احتياجات ومتطلبات العمل الخاصة بالمجمع. تهدف عملية نشر الكتب إلى دعم المؤلفين والباحثين، وتعزيز الثقافة والمعرفة من خلال نشر الأعمال الأدبية والعلمية.
ممكن تفهمني ما المقصود بخدمة نشر الكتب المتاحة في المجمع؟,جواب: خدمة نشر الكتاب تهدف إلى تمكين المستفيدين من نشر الكتب التي ترتبط بمجالات النشر في مجمع الملك عبد العزيز للمكتبات الوقفية، بما يتوافق مع احتياجات ومتطلبات العمل الخاصة بالمجمع. تهدف عملية نشر الكتب إلى دعم المؤلفين والباحثين، وتعزيز الثقافة والمعرفة من خلال نشر الأعمال الأدبية والعلمية.
اقدر اعرف ما المقصود بخدمة نشر الكتب المتاحة في المجمع؟,جواب: خدمة نشر الكتاب تهدف إلى تمكين المستفيدين من نشر الكتب التي ترتبط بمجالات النشر في مجمع الملك عبد العزيز للمكتبات الوقفية، بما يتوافق مع احتياجات ومتطلبات العمل الخاصة بالمجمع. تهدف عملية نشر الكتب إلى دعم المؤلفين والباحثين، وتعزيز الثقافة والمعرفة من خلال نشر الأعمال الأدبية والعلمية.
وش السالفه بـ ما المقصود بخدمة نشر الكتب المتاحة في المجمع؟,جواب: خدمة نشر الكتاب تهدف إلى تمكين المستفيدين من نشر الكتب التي ترتبط بمجالات النشر في مجمع الملك عبد العزيز للمكتبات الوقفية، بما يتوافق مع احتياجات ومتطلبات العمل الخاصة بالمجمع. تهدف عملية نشر الكتب إلى دعم المؤلفين والباحثين، وتعزيز الثقافة والمعرفة من خلال نشر الأعمال الأدبية والعلمية.
ممكن تقول لي وش يعني من الفئات التي يمكنها الاستفاده من خدمه نشر كتاب؟,جواب: المستفيدون من الخدمة هم المؤلفون، الباحثون، والجهات التي ترغب في نشر أعمالهم الأدبية أو العلمية. يقوم المستخدم بتقديم معلومات مثل الاسم الكامل، البريد الإلكتروني، رقم الهاتف، عنوان الكتاب، ملخص الكتاب، ونوع المنشور (مثل كتاب علمي، رسالة ماجس تير، إلخ)
هل المقصود بـ من الفئات التي يمكنها الاستفادة من خدمة نشر كتاب هو شي محدد؟,جواب: المستفيدون من الخدمة هم المؤلفون، الباحثون، والجهات التي ترغب في نشر أعمالهم الأدبية أو العلمية. يقوم المستخدم بتقديم معلومات مثل الاسم الكامل، البريد الإلكتروني، رقم الهاتف، عنوان الكتاب، ملخص الكتاب، ونوع المنشور (مثل كتاب علمي، رسالة ماجس تير، إلخ)
من الفئات التي يمكنها الاستفادة من خدمة نشر كتاب؟,جواب: المستفيدون من الخدمة هم المؤلفون، الباحثون، والجهات التي ترغب في نشر أعمالهم الأدبية أو العلمية. يقوم المستخدم بتقديم معلومات مثل الاسم الكامل، البريد الإلكتروني، رقم الهاتف، عنوان الكتاب، ملخص الكتاب، ونوع المنشور (مثل كتاب علمي، رسالة ماجس تير، إلخ)
كيف يعني من الفئات التي يمكنها الاستفاده من خدمه نشر كتاب؟,جواب: المستفيدون من الخدمة هم المؤلفون، الباحثون، والجهات التي ترغب في نشر أعمالهم الأدبية أو العلمية. يقوم المستخدم بتقديم معلومات مثل الاسم الكامل، البريد الإلكتروني، رقم الهاتف، عنوان الكتاب، ملخص الكتاب، ونوع المنشور (مثل كتاب علمي، رسالة ماجس تير، إلخ)
ممكن تقول لي وش يعني من الفئات التي يمكنها الاستفادة من خدمة نشر كتاب؟,جواب: المستفيدون من الخدمة هم المؤلفون، الباحثون، والجهات التي ترغب في نشر أعمالهم الأدبية أو العلمية. يقوم المستخدم بتقديم معلومات مثل الاسم الكامل، البريد الإلكتروني، رقم الهاتف، عنوان الكتاب، ملخص الكتاب، ونوع المنشور (مثل كتاب علمي، رسالة ماجس تير، إلخ)
ابي افهم من الفئات التي يمكنها الاستفاده من خدمه نشر كتاب؟,جواب: المستفيدون من الخدمة هم المؤلفون، الباحثون، والجهات التي ترغب في نشر أعمالهم الأدبية أو العلمية. يقوم المستخدم بتقديم معلومات مثل الاسم الكامل، البريد الإلكتروني، رقم الهاتف، عنوان الكتاب، ملخص الكتاب، ونوع المنشور (مثل كتاب علمي، رسالة ماجس تير، إلخ)
وش يعني من الفئات التي يمكنها الاستفادة من خدمة نشر كتاب؟,جواب: المستفيدون من الخدمة هم المؤلفون، الباحثون، والجهات التي ترغب في نشر أعمالهم الأدبية أو العلمية. يقوم المستخدم بتقديم معلومات مثل الاسم الكامل، البريد الإلكتروني، رقم الهاتف، عنوان الكتاب، ملخص الكتاب، ونوع المنشور (مثل كتاب علمي، رسالة ماجس تير، إلخ)
لو تقدر تشرحلي من الفئات التي يمكنها الاستفاده من خدمه نشر كتاب؟,جواب: المستفيدون من الخدمة هم المؤلفون، الباحثون، والجهات التي ترغب في نشر أعمالهم الأدبية أو العلمية. يقوم المستخدم بتقديم معلومات مثل الاسم الكامل، البريد الإلكتروني، رقم الهاتف، عنوان الكتاب، ملخص الكتاب، ونوع المنشور (مثل كتاب علمي، رسالة ماجس تير، إلخ)
هل المقصود بـ كيف اتمكن من متابعة طلبي بعد إرساله للنشر لخدمة نشر كتاب هو شي محدد؟,"جواب: يمكن للمستخدم متابعة حالة الطلب من خلال جدول الطلبات الخاص به، حيث يظهر فيه حالة الطلب (مثل ""جديد""، ""تحت الإجراء""، ""تم التعديل""، إلخ) ."
كيف أتمكن من متابعة طلبي بعد إرساله للنشر لخدمة نشر كتاب؟,"جواب: يمكن للمستخدم متابعة حالة الطلب من خلال جدول الطلبات الخاص به، حيث يظهر فيه حالة الطلب (مثل ""جديد""، ""تحت الإجراء""، ""تم التعديل""، إلخ) ."
كيف يعني كيف اتمكن من متابعة طلبي بعد إرساله للنشر لخدمة نشر كتاب؟,"جواب: يمكن للمستخدم متابعة حالة الطلب من خلال جدول الطلبات الخاص به، حيث يظهر فيه حالة الطلب (مثل ""جديد""، ""تحت الإجراء""، ""تم التعديل""، إلخ) ."
ممكن تقول لي وش يعني كيف اتمكن من متابعه طلبي بعد إرساله للنشر لخدمه نشر كتاب؟,"جواب: يمكن للمستخدم متابعة حالة الطلب من خلال جدول الطلبات الخاص به، حيث يظهر فيه حالة الطلب (مثل ""جديد""، ""تحت الإجراء""، ""تم التعديل""، إلخ) ."
ممكن تفهمني كيف أتمكن من متابعه طلبي بعد إرساله للنشر لخدمه نشر كتاب؟,"جواب: يمكن للمستخدم متابعة حالة الطلب من خلال جدول الطلبات الخاص به، حيث يظهر فيه حالة الطلب (مثل ""جديد""، ""تحت الإجراء""، ""تم التعديل""، إلخ) ."
وش الهدف من كيف أتمكن من متابعه طلبي بعد إرساله للنشر لخدمه نشر كتاب؟,"جواب: يمكن للمستخدم متابعة حالة الطلب من خلال جدول الطلبات الخاص به، حيث يظهر فيه حالة الطلب (مثل ""جديد""، ""تحت الإجراء""، ""تم التعديل""، إلخ) ."
ابي افهم كيف اتمكن من متابعه طلبي بعد إرساله للنشر لخدمه نشر كتاب؟,"جواب: يمكن للمستخدم متابعة حالة الطلب من خلال جدول الطلبات الخاص به، حيث يظهر فيه حالة الطلب (مثل ""جديد""، ""تحت الإجراء""، ""تم التعديل""، إلخ) ."
وش المقصود بـ كيف اتمكن من متابعة طلبي بعد إرساله للنشر لخدمة نشر كتاب؟,"جواب: يمكن للمستخدم متابعة حالة الطلب من خلال جدول الطلبات الخاص به، حيث يظهر فيه حالة الطلب (مثل ""جديد""، ""تحت الإجراء""، ""تم التعديل""، إلخ) ."
لو تقدر تشرحلي ما أنواع الكتب التي تشملها هذه الخدمه نشر كتاب؟,جواب: يمكن للمستخدم نشر أنواع مختلفة من الكتب مثل الكتب العلمية، رسائل الماجستير، رسائل الدكتوراة، المدونات، والأبحاث العلمية. خدمات الرقمنة:
ممكن تفهمني ما انواع الكتب التي تشملها هذه الخدمة نشر كتاب؟,جواب: يمكن للمستخدم نشر أنواع مختلفة من الكتب مثل الكتب العلمية، رسائل الماجستير، رسائل الدكتوراة، المدونات، والأبحاث العلمية. خدمات الرقمنة:
تقدر تشرح لي موضوع ما أنواع الكتب التي تشملها هذه الخدمه نشر كتاب؟,جواب: يمكن للمستخدم نشر أنواع مختلفة من الكتب مثل الكتب العلمية، رسائل الماجستير، رسائل الدكتوراة، المدونات، والأبحاث العلمية. خدمات الرقمنة:
وش يعني ما انواع الكتب التي تشملها هذه الخدمه نشر كتاب؟,جواب: يمكن للمستخدم نشر أنواع مختلفة من الكتب مثل الكتب العلمية، رسائل الماجستير، رسائل الدكتوراة، المدونات، والأبحاث العلمية. خدمات الرقمنة:
وش المقصود بـ ما انواع الكتب التي تشملها هذه الخدمه نشر كتاب؟,جواب: يمكن للمستخدم نشر أنواع مختلفة من الكتب مثل الكتب العلمية، رسائل الماجستير، رسائل الدكتوراة، المدونات، والأبحاث العلمية. خدمات الرقمنة:
هل المقصود بـ ما انواع الكتب التي تشملها هذه الخدمة نشر كتاب هو شي محدد؟,جواب: يمكن للمستخدم نشر أنواع مختلفة من الكتب مثل الكتب العلمية، رسائل الماجستير، رسائل الدكتوراة، المدونات، والأبحاث العلمية. خدمات الرقمنة:
ما أنواع الكتب التي تشملها هذه الخدمة نشر كتاب؟,جواب: يمكن للمستخدم نشر أنواع مختلفة من الكتب مثل الكتب العلمية، رسائل الماجستير، رسائل الدكتوراة، المدونات، والأبحاث العلمية. خدمات الرقمنة:
وش السالفه بـ ما انواع الكتب التي تشملها هذه الخدمه نشر كتاب؟,جواب: يمكن للمستخدم نشر أنواع مختلفة من الكتب مثل الكتب العلمية، رسائل الماجستير، رسائل الدكتوراة، المدونات، والأبحاث العلمية. خدمات الرقمنة:
ماذا تقدم خدمة رقمنة المحتوى؟,جواب: خدمة الرقمنة تهدف إلى تحويل المحتويات الورقية والمادية إلى صيغة رقمية بدقة وجودة عالية، مما يسهل الوصول إليها وحفظها.
تقدر تشرح لي موضوع ماذا تقدم خدمة رقمنة المحتوى؟,جواب: خدمة الرقمنة تهدف إلى تحويل المحتويات الورقية والمادية إلى صيغة رقمية بدقة وجودة عالية، مما يسهل الوصول إليها وحفظها.
لو تقدر تشرحلي ماذا تقدم خدمة رقمنة المحتوى؟,جواب: خدمة الرقمنة تهدف إلى تحويل المحتويات الورقية والمادية إلى صيغة رقمية بدقة وجودة عالية، مما يسهل الوصول إليها وحفظها.
وش يعني ماذا تقدم خدمه رقمنه المحتوى؟,جواب: خدمة الرقمنة تهدف إلى تحويل المحتويات الورقية والمادية إلى صيغة رقمية بدقة وجودة عالية، مما يسهل الوصول إليها وحفظها.
ابي افهم ماذا تقدم خدمة رقمنة المحتوى؟,جواب: خدمة الرقمنة تهدف إلى تحويل المحتويات الورقية والمادية إلى صيغة رقمية بدقة وجودة عالية، مما يسهل الوصول إليها وحفظها.
لو تقدر تشرحلي ماذا تقدم خدمه رقمنه المحتوى؟,جواب: خدمة الرقمنة تهدف إلى تحويل المحتويات الورقية والمادية إلى صيغة رقمية بدقة وجودة عالية، مما يسهل الوصول إليها وحفظها.
ممكن تفهمني ماذا تقدم خدمه رقمنه المحتوى؟,جواب: خدمة الرقمنة تهدف إلى تحويل المحتويات الورقية والمادية إلى صيغة رقمية بدقة وجودة عالية، مما يسهل الوصول إليها وحفظها.
هل المقصود بـ ماذا تقدم خدمة رقمنة المحتوى هو شي محدد؟,جواب: خدمة الرقمنة تهدف إلى تحويل المحتويات الورقية والمادية إلى صيغة رقمية بدقة وجودة عالية، مما يسهل الوصول إليها وحفظها.
وش يعني من يمكنه الاستفاده من خدمه الرقمنه؟,جواب: المستفيدون من خدمة الرقمنة هم الأفراد والجهات الحكومية والخاصة، المكتبات، المتاحف، والمؤسسات التعليمية الذين لديهم مخطوطات أو مقتنيات يريدون الحفاظ عليها عن طريق تحويلها إلى صيغة رقمية ليسهل الوصول إليها والحفاظ عليها .
وش الهدف من من يمكنه الاستفاده من خدمه الرقمنه؟,جواب: المستفيدون من خدمة الرقمنة هم الأفراد والجهات الحكومية والخاصة، المكتبات، المتاحف، والمؤسسات التعليمية الذين لديهم مخطوطات أو مقتنيات يريدون الحفاظ عليها عن طريق تحويلها إلى صيغة رقمية ليسهل الوصول إليها والحفاظ عليها .
تقدر تشرح لي موضوع من يمكنه الاستفاده من خدمه الرقمنه؟,جواب: المستفيدون من خدمة الرقمنة هم الأفراد والجهات الحكومية والخاصة، المكتبات، المتاحف، والمؤسسات التعليمية الذين لديهم مخطوطات أو مقتنيات يريدون الحفاظ عليها عن طريق تحويلها إلى صيغة رقمية ليسهل الوصول إليها والحفاظ عليها .
وش المقصود بـ من يمكنه الاستفادة من خدمة الرقمنة؟,جواب: المستفيدون من خدمة الرقمنة هم الأفراد والجهات الحكومية والخاصة، المكتبات، المتاحف، والمؤسسات التعليمية الذين لديهم مخطوطات أو مقتنيات يريدون الحفاظ عليها عن طريق تحويلها إلى صيغة رقمية ليسهل الوصول إليها والحفاظ عليها .
ابي افهم من يمكنه الاستفادة من خدمة الرقمنة؟,جواب: المستفيدون من خدمة الرقمنة هم الأفراد والجهات الحكومية والخاصة، المكتبات، المتاحف، والمؤسسات التعليمية الذين لديهم مخطوطات أو مقتنيات يريدون الحفاظ عليها عن طريق تحويلها إلى صيغة رقمية ليسهل الوصول إليها والحفاظ عليها .
اقدر اعرف من يمكنه الاستفاده من خدمه الرقمنه؟,جواب: المستفيدون من خدمة الرقمنة هم الأفراد والجهات الحكومية والخاصة، المكتبات، المتاحف، والمؤسسات التعليمية الذين لديهم مخطوطات أو مقتنيات يريدون الحفاظ عليها عن طريق تحويلها إلى صيغة رقمية ليسهل الوصول إليها والحفاظ عليها .
ممكن تقول لي وش يعني من يمكنه الاستفادة من خدمة الرقمنة؟,جواب: المستفيدون من خدمة الرقمنة هم الأفراد والجهات الحكومية والخاصة، المكتبات، المتاحف، والمؤسسات التعليمية الذين لديهم مخطوطات أو مقتنيات يريدون الحفاظ عليها عن طريق تحويلها إلى صيغة رقمية ليسهل الوصول إليها والحفاظ عليها .
من يمكنه الاستفادة من خدمة الرقمنة؟,جواب: المستفيدون من خدمة الرقمنة هم الأفراد والجهات الحكومية والخاصة، المكتبات، المتاحف، والمؤسسات التعليمية الذين لديهم مخطوطات أو مقتنيات يريدون الحفاظ عليها عن طريق تحويلها إلى صيغة رقمية ليسهل الوصول إليها والحفاظ عليها .
لو تقدر تشرحلي ما الطريقة الصحيحة لتقديم طلب رقمنة؟,جواب: يمكن للمستخدم تقديم طلب من خلال تعبئة النموذج الخاص بخدمات الرقمنة على المنصة، وتقديم المعلومات المطلوبة عن المحتويات المراد رقمنتها. يجب على المستخدم تقديم معلومات مثل نوع المحتوى (وثائق، مخطوطات، كتب نادرة)، عدد الصفحات، وحالة المحتوى .
وش تقصدون بـ ما الطريقه الصحيحه لتقديم طلب رقمنه؟,جواب: يمكن للمستخدم تقديم طلب من خلال تعبئة النموذج الخاص بخدمات الرقمنة على المنصة، وتقديم المعلومات المطلوبة عن المحتويات المراد رقمنتها. يجب على المستخدم تقديم معلومات مثل نوع المحتوى (وثائق، مخطوطات، كتب نادرة)، عدد الصفحات، وحالة المحتوى .
لو تقدر تشرحلي ما الطريقه الصحيحه لتقديم طلب رقمنه؟,جواب: يمكن للمستخدم تقديم طلب من خلال تعبئة النموذج الخاص بخدمات الرقمنة على المنصة، وتقديم المعلومات المطلوبة عن المحتويات المراد رقمنتها. يجب على المستخدم تقديم معلومات مثل نوع المحتوى (وثائق، مخطوطات، كتب نادرة)، عدد الصفحات، وحالة المحتوى .
ممكن تقول لي وش يعني ما الطريقه الصحيحه لتقديم طلب رقمنه؟,جواب: يمكن للمستخدم تقديم طلب من خلال تعبئة النموذج الخاص بخدمات الرقمنة على المنصة، وتقديم المعلومات المطلوبة عن المحتويات المراد رقمنتها. يجب على المستخدم تقديم معلومات مثل نوع المحتوى (وثائق، مخطوطات، كتب نادرة)، عدد الصفحات، وحالة المحتوى .
وش السالفه بـ ما الطريقه الصحيحه لتقديم طلب رقمنه؟,جواب: يمكن للمستخدم تقديم طلب من خلال تعبئة النموذج الخاص بخدمات الرقمنة على المنصة، وتقديم المعلومات المطلوبة عن المحتويات المراد رقمنتها. يجب على المستخدم تقديم معلومات مثل نوع المحتوى (وثائق، مخطوطات، كتب نادرة)، عدد الصفحات، وحالة المحتوى .
هل المقصود بـ ما الطريقه الصحيحه لتقديم طلب رقمنه هو شي محدد؟,جواب: يمكن للمستخدم تقديم طلب من خلال تعبئة النموذج الخاص بخدمات الرقمنة على المنصة، وتقديم المعلومات المطلوبة عن المحتويات المراد رقمنتها. يجب على المستخدم تقديم معلومات مثل نوع المحتوى (وثائق، مخطوطات، كتب نادرة)، عدد الصفحات، وحالة المحتوى .
وش الهدف من ما الطريقة الصحيحة لتقديم طلب رقمنة؟,جواب: يمكن للمستخدم تقديم طلب من خلال تعبئة النموذج الخاص بخدمات الرقمنة على المنصة، وتقديم المعلومات المطلوبة عن المحتويات المراد رقمنتها. يجب على المستخدم تقديم معلومات مثل نوع المحتوى (وثائق، مخطوطات، كتب نادرة)، عدد الصفحات، وحالة المحتوى .
ما الطريقة الصحيحة لتقديم طلب رقمنة؟,جواب: يمكن للمستخدم تقديم طلب من خلال تعبئة النموذج الخاص بخدمات الرقمنة على المنصة، وتقديم المعلومات المطلوبة عن المحتويات المراد رقمنتها. يجب على المستخدم تقديم معلومات مثل نوع المحتوى (وثائق، مخطوطات، كتب نادرة)، عدد الصفحات، وحالة المحتوى .
ممكن تقول لي وش يعني ماذا يحدث بعد تقديم طلب رقمنه من قبل المستخدم؟,جواب: بعد استلام الطلب، يقوم موظف الاستقبال بمراجعة الطلب، تحديد موعد المعاينة، ثم يقوم موظف المعاينة بمراجعة المحتوى وتحديد التكلفة.
ماذا يحدث بعد تقديم طلب رقمنة من قبل المستخدم؟,جواب: بعد استلام الطلب، يقوم موظف الاستقبال بمراجعة الطلب، تحديد موعد المعاينة، ثم يقوم موظف المعاينة بمراجعة المحتوى وتحديد التكلفة.
اقدر اعرف ماذا يحدث بعد تقديم طلب رقمنة من قبل المستخدم؟,جواب: بعد استلام الطلب، يقوم موظف الاستقبال بمراجعة الطلب، تحديد موعد المعاينة، ثم يقوم موظف المعاينة بمراجعة المحتوى وتحديد التكلفة.
كيف يعني ماذا يحدث بعد تقديم طلب رقمنه من قبل المستخدم؟,جواب: بعد استلام الطلب، يقوم موظف الاستقبال بمراجعة الطلب، تحديد موعد المعاينة، ثم يقوم موظف المعاينة بمراجعة المحتوى وتحديد التكلفة.
وش يعني ماذا يحدث بعد تقديم طلب رقمنه من قبل المستخدم؟,جواب: بعد استلام الطلب، يقوم موظف الاستقبال بمراجعة الطلب، تحديد موعد المعاينة، ثم يقوم موظف المعاينة بمراجعة المحتوى وتحديد التكلفة.
وش تقصدون بـ ماذا يحدث بعد تقديم طلب رقمنه من قبل المستخدم؟,جواب: بعد استلام الطلب، يقوم موظف الاستقبال بمراجعة الطلب، تحديد موعد المعاينة، ثم يقوم موظف المعاينة بمراجعة المحتوى وتحديد التكلفة.
ممكن تفهمني ماذا يحدث بعد تقديم طلب رقمنه من قبل المستخدم؟,جواب: بعد استلام الطلب، يقوم موظف الاستقبال بمراجعة الطلب، تحديد موعد المعاينة، ثم يقوم موظف المعاينة بمراجعة المحتوى وتحديد التكلفة.
لو تقدر تشرحلي ماذا يحدث بعد تقديم طلب رقمنة من قبل المستخدم؟,جواب: بعد استلام الطلب، يقوم موظف الاستقبال بمراجعة الطلب، تحديد موعد المعاينة، ثم يقوم موظف المعاينة بمراجعة المحتوى وتحديد التكلفة.
كيف يعني أين أجد حالة الطلب لخدمة الرقمنة الذي قمت بتقديمه؟,جواب: يمكن للمستخدم متابعة حالة الطلبات من خلال جدول الطلبات الذي يظهر فيه مجموعة من الحقول مثل رقم الطلب، التاريخ، مقدم الطلب، حالة الطلب، وزر لمطالعة الطلب. طلب صورة مخطوط / كتاب نادر:
ابي اعرف عن اين اجد حالة الطلب لخدمة الرقمنة الذي قمت بتقديمه؟,جواب: يمكن للمستخدم متابعة حالة الطلبات من خلال جدول الطلبات الذي يظهر فيه مجموعة من الحقول مثل رقم الطلب، التاريخ، مقدم الطلب، حالة الطلب، وزر لمطالعة الطلب. طلب صورة مخطوط / كتاب نادر:
وش المقصود بـ أين أجد حاله الطلب لخدمه الرقمنه الذي قمت بتقديمه؟,جواب: يمكن للمستخدم متابعة حالة الطلبات من خلال جدول الطلبات الذي يظهر فيه مجموعة من الحقول مثل رقم الطلب، التاريخ، مقدم الطلب، حالة الطلب، وزر لمطالعة الطلب. طلب صورة مخطوط / كتاب نادر:
تقدر تشرح لي موضوع أين أجد حاله الطلب لخدمه الرقمنه الذي قمت بتقديمه؟,جواب: يمكن للمستخدم متابعة حالة الطلبات من خلال جدول الطلبات الذي يظهر فيه مجموعة من الحقول مثل رقم الطلب، التاريخ، مقدم الطلب، حالة الطلب، وزر لمطالعة الطلب. طلب صورة مخطوط / كتاب نادر:
أين أجد حالة الطلب لخدمة الرقمنة الذي قمت بتقديمه؟,جواب: يمكن للمستخدم متابعة حالة الطلبات من خلال جدول الطلبات الذي يظهر فيه مجموعة من الحقول مثل رقم الطلب، التاريخ، مقدم الطلب، حالة الطلب، وزر لمطالعة الطلب. طلب صورة مخطوط / كتاب نادر:
ممكن تقول لي وش يعني أين أجد حالة الطلب لخدمة الرقمنة الذي قمت بتقديمه؟,جواب: يمكن للمستخدم متابعة حالة الطلبات من خلال جدول الطلبات الذي يظهر فيه مجموعة من الحقول مثل رقم الطلب، التاريخ، مقدم الطلب، حالة الطلب، وزر لمطالعة الطلب. طلب صورة مخطوط / كتاب نادر:
ممكن تفهمني أين أجد حاله الطلب لخدمه الرقمنه الذي قمت بتقديمه؟,جواب: يمكن للمستخدم متابعة حالة الطلبات من خلال جدول الطلبات الذي يظهر فيه مجموعة من الحقول مثل رقم الطلب، التاريخ، مقدم الطلب، حالة الطلب، وزر لمطالعة الطلب. طلب صورة مخطوط / كتاب نادر:
اقدر اعرف اين اجد حالة الطلب لخدمة الرقمنة الذي قمت بتقديمه؟,جواب: يمكن للمستخدم متابعة حالة الطلبات من خلال جدول الطلبات الذي يظهر فيه مجموعة من الحقول مثل رقم الطلب، التاريخ، مقدم الطلب، حالة الطلب، وزر لمطالعة الطلب. طلب صورة مخطوط / كتاب نادر:
لو تقدر تشرحلي ما الذي تشمل عليه خدمة شراء المخطوطات؟,جواب: خدمة شراء المخطوطة تتيح للباحثين والمهتمين الحصول على نسخة إلكترونية من المخطوطات أو الكتب النادرة أو أحد الإصدارات العلمية للمجمع وفق الضوابط المعمول بها ، كما تهدف هذه الخدمة إلى الوصول إلى المخطوطات النادرة، دعم الباحثين في دراساتهم، والحفاظ على التراث الثقافي.
وش المقصود بـ ما الذي تشمل عليه خدمة شراء المخطوطات؟,جواب: خدمة شراء المخطوطة تتيح للباحثين والمهتمين الحصول على نسخة إلكترونية من المخطوطات أو الكتب النادرة أو أحد الإصدارات العلمية للمجمع وفق الضوابط المعمول بها ، كما تهدف هذه الخدمة إلى الوصول إلى المخطوطات النادرة، دعم الباحثين في دراساتهم، والحفاظ على التراث الثقافي.
ما الذي تشمل عليه خدمة شراء المخطوطات؟,جواب: خدمة شراء المخطوطة تتيح للباحثين والمهتمين الحصول على نسخة إلكترونية من المخطوطات أو الكتب النادرة أو أحد الإصدارات العلمية للمجمع وفق الضوابط المعمول بها ، كما تهدف هذه الخدمة إلى الوصول إلى المخطوطات النادرة، دعم الباحثين في دراساتهم، والحفاظ على التراث الثقافي.
ممكن تقول لي وش يعني ما الذي تشمل عليه خدمة شراء المخطوطات؟,جواب: خدمة شراء المخطوطة تتيح للباحثين والمهتمين الحصول على نسخة إلكترونية من المخطوطات أو الكتب النادرة أو أحد الإصدارات العلمية للمجمع وفق الضوابط المعمول بها ، كما تهدف هذه الخدمة إلى الوصول إلى المخطوطات النادرة، دعم الباحثين في دراساتهم، والحفاظ على التراث الثقافي.
وش يعني ما الذي تشمل عليه خدمه شراء المخطوطات؟,جواب: خدمة شراء المخطوطة تتيح للباحثين والمهتمين الحصول على نسخة إلكترونية من المخطوطات أو الكتب النادرة أو أحد الإصدارات العلمية للمجمع وفق الضوابط المعمول بها ، كما تهدف هذه الخدمة إلى الوصول إلى المخطوطات النادرة، دعم الباحثين في دراساتهم، والحفاظ على التراث الثقافي.
وش المقصود بـ ما الذي تشمل عليه خدمه شراء المخطوطات؟,جواب: خدمة شراء المخطوطة تتيح للباحثين والمهتمين الحصول على نسخة إلكترونية من المخطوطات أو الكتب النادرة أو أحد الإصدارات العلمية للمجمع وفق الضوابط المعمول بها ، كما تهدف هذه الخدمة إلى الوصول إلى المخطوطات النادرة، دعم الباحثين في دراساتهم، والحفاظ على التراث الثقافي.
ابي افهم ما الذي تشمل عليه خدمه شراء المخطوطات؟,جواب: خدمة شراء المخطوطة تتيح للباحثين والمهتمين الحصول على نسخة إلكترونية من المخطوطات أو الكتب النادرة أو أحد الإصدارات العلمية للمجمع وفق الضوابط المعمول بها ، كما تهدف هذه الخدمة إلى الوصول إلى المخطوطات النادرة، دعم الباحثين في دراساتهم، والحفاظ على التراث الثقافي.
وش السالفه بـ ما الذي تشمل عليه خدمه شراء المخطوطات؟,جواب: خدمة شراء المخطوطة تتيح للباحثين والمهتمين الحصول على نسخة إلكترونية من المخطوطات أو الكتب النادرة أو أحد الإصدارات العلمية للمجمع وفق الضوابط المعمول بها ، كما تهدف هذه الخدمة إلى الوصول إلى المخطوطات النادرة، دعم الباحثين في دراساتهم، والحفاظ على التراث الثقافي.
ابي اعرف عن من هم المؤهلون لاستخدام خدمه شراء مخطوط؟,جواب: المستفيدون من الخدمة هم الباحثون، الطلاب، الأكاديميون، والمهتمون بالتراث الثقافي والمخطوطات
وش المقصود بـ من هم المؤهلون لاستخدام خدمه شراء مخطوط؟,جواب: المستفيدون من الخدمة هم الباحثون، الطلاب، الأكاديميون، والمهتمون بالتراث الثقافي والمخطوطات
وش تقصدون بـ من هم المؤهلون لاستخدام خدمه شراء مخطوط؟,جواب: المستفيدون من الخدمة هم الباحثون، الطلاب، الأكاديميون، والمهتمون بالتراث الثقافي والمخطوطات
ابي افهم من هم المؤهلون لاستخدام خدمه شراء مخطوط؟,جواب: المستفيدون من الخدمة هم الباحثون، الطلاب، الأكاديميون، والمهتمون بالتراث الثقافي والمخطوطات
من هم المؤهلون لاستخدام خدمة شراء مخطوط؟,جواب: المستفيدون من الخدمة هم الباحثون، الطلاب، الأكاديميون، والمهتمون بالتراث الثقافي والمخطوطات
لو تقدر تشرحلي من هم المؤهلون لاستخدام خدمة شراء مخطوط؟,جواب: المستفيدون من الخدمة هم الباحثون، الطلاب، الأكاديميون، والمهتمون بالتراث الثقافي والمخطوطات
ممكن تقول لي وش يعني من هم المؤهلون لاستخدام خدمة شراء مخطوط؟,جواب: المستفيدون من الخدمة هم الباحثون، الطلاب، الأكاديميون، والمهتمون بالتراث الثقافي والمخطوطات
ممكن تقول لي وش يعني من هم المؤهلون لاستخدام خدمه شراء مخطوط؟,جواب: المستفيدون من الخدمة هم الباحثون، الطلاب، الأكاديميون، والمهتمون بالتراث الثقافي والمخطوطات
اقدر اعرف كيف يمكنني إرسال طلب لشراء مخطوطه؟,جواب: يمكن للمستخدم تقديم طلب من خلال تعبئة النموذج الخاص بخدمة شراء المخطوطة على المنصة، وتقديم المعلومات المطلوبة حول المخطوطة المراد شراؤها ، كما يجب على المستخدم تقديم معلومات مثل الاسم الكامل، البريد الإلكتروني، رقم الهاتف، عنوان المخطوطة، والغرض من الشراء.
هل المقصود بـ كيف يمكنني إرسال طلب لشراء مخطوطه هو شي محدد؟,جواب: يمكن للمستخدم تقديم طلب من خلال تعبئة النموذج الخاص بخدمة شراء المخطوطة على المنصة، وتقديم المعلومات المطلوبة حول المخطوطة المراد شراؤها ، كما يجب على المستخدم تقديم معلومات مثل الاسم الكامل، البريد الإلكتروني، رقم الهاتف، عنوان المخطوطة، والغرض من الشراء.
وش المقصود بـ كيف يمكنني إرسال طلب لشراء مخطوطة؟,جواب: يمكن للمستخدم تقديم طلب من خلال تعبئة النموذج الخاص بخدمة شراء المخطوطة على المنصة، وتقديم المعلومات المطلوبة حول المخطوطة المراد شراؤها ، كما يجب على المستخدم تقديم معلومات مثل الاسم الكامل، البريد الإلكتروني، رقم الهاتف، عنوان المخطوطة، والغرض من الشراء.
كيف يعني كيف يمكنني إرسال طلب لشراء مخطوطة؟,جواب: يمكن للمستخدم تقديم طلب من خلال تعبئة النموذج الخاص بخدمة شراء المخطوطة على المنصة، وتقديم المعلومات المطلوبة حول المخطوطة المراد شراؤها ، كما يجب على المستخدم تقديم معلومات مثل الاسم الكامل، البريد الإلكتروني، رقم الهاتف، عنوان المخطوطة، والغرض من الشراء.
وش الهدف من كيف يمكنني إرسال طلب لشراء مخطوطه؟,جواب: يمكن للمستخدم تقديم طلب من خلال تعبئة النموذج الخاص بخدمة شراء المخطوطة على المنصة، وتقديم المعلومات المطلوبة حول المخطوطة المراد شراؤها ، كما يجب على المستخدم تقديم معلومات مثل الاسم الكامل، البريد الإلكتروني، رقم الهاتف، عنوان المخطوطة، والغرض من الشراء.
وش السالفه بـ كيف يمكنني إرسال طلب لشراء مخطوطة؟,جواب: يمكن للمستخدم تقديم طلب من خلال تعبئة النموذج الخاص بخدمة شراء المخطوطة على المنصة، وتقديم المعلومات المطلوبة حول المخطوطة المراد شراؤها ، كما يجب على المستخدم تقديم معلومات مثل الاسم الكامل، البريد الإلكتروني، رقم الهاتف، عنوان المخطوطة، والغرض من الشراء.
كيف يمكنني إرسال طلب لشراء مخطوطة؟,جواب: يمكن للمستخدم تقديم طلب من خلال تعبئة النموذج الخاص بخدمة شراء المخطوطة على المنصة، وتقديم المعلومات المطلوبة حول المخطوطة المراد شراؤها ، كما يجب على المستخدم تقديم معلومات مثل الاسم الكامل، البريد الإلكتروني، رقم الهاتف، عنوان المخطوطة، والغرض من الشراء.
ابي اعرف عن كيف يمكنني إرسال طلب لشراء مخطوطه؟,جواب: يمكن للمستخدم تقديم طلب من خلال تعبئة النموذج الخاص بخدمة شراء المخطوطة على المنصة، وتقديم المعلومات المطلوبة حول المخطوطة المراد شراؤها ، كما يجب على المستخدم تقديم معلومات مثل الاسم الكامل، البريد الإلكتروني، رقم الهاتف، عنوان المخطوطة، والغرض من الشراء.
اقدر اعرف هل يمكنني معرفه حاله طلبي لشراء مخطوط بعد التقديم؟ كيف؟,جواب: يمكن للمستخدم متابعة حالة الطلبات من خلال جدول الطلبات الذي يظهر فيه مجموعة من الحقول مثل رقم الطلب، التاريخ، مقدم الطلب، حالة الطلب، وزر لمطالعة الطلب.  زيارة المجمع:
ممكن تقول لي وش يعني هل يمكنني معرفة حالة طلبي لشراء مخطوط بعد التقديم؟ كيف؟,جواب: يمكن للمستخدم متابعة حالة الطلبات من خلال جدول الطلبات الذي يظهر فيه مجموعة من الحقول مثل رقم الطلب، التاريخ، مقدم الطلب، حالة الطلب، وزر لمطالعة الطلب.  زيارة المجمع:
لو تقدر تشرحلي هل يمكنني معرفة حالة طلبي لشراء مخطوط بعد التقديم؟ كيف؟,جواب: يمكن للمستخدم متابعة حالة الطلبات من خلال جدول الطلبات الذي يظهر فيه مجموعة من الحقول مثل رقم الطلب، التاريخ، مقدم الطلب، حالة الطلب، وزر لمطالعة الطلب.  زيارة المجمع:
وش المقصود بـ هل يمكنني معرفه حاله طلبي لشراء مخطوط بعد التقديم؟ كيف؟,جواب: يمكن للمستخدم متابعة حالة الطلبات من خلال جدول الطلبات الذي يظهر فيه مجموعة من الحقول مثل رقم الطلب، التاريخ، مقدم الطلب، حالة الطلب، وزر لمطالعة الطلب.  زيارة المجمع:
وش تقصدون بـ هل يمكنني معرفة حالة طلبي لشراء مخطوط بعد التقديم؟ كيف؟,جواب: يمكن للمستخدم متابعة حالة الطلبات من خلال جدول الطلبات الذي يظهر فيه مجموعة من الحقول مثل رقم الطلب، التاريخ، مقدم الطلب، حالة الطلب، وزر لمطالعة الطلب.  زيارة المجمع:
وش الهدف من هل يمكنني معرفه حاله طلبي لشراء مخطوط بعد التقديم؟ كيف؟,جواب: يمكن للمستخدم متابعة حالة الطلبات من خلال جدول الطلبات الذي يظهر فيه مجموعة من الحقول مثل رقم الطلب، التاريخ، مقدم الطلب، حالة الطلب، وزر لمطالعة الطلب.  زيارة المجمع:
هل يمكنني معرفة حالة طلبي لشراء مخطوط بعد التقديم؟ كيف؟,جواب: يمكن للمستخدم متابعة حالة الطلبات من خلال جدول الطلبات الذي يظهر فيه مجموعة من الحقول مثل رقم الطلب، التاريخ، مقدم الطلب، حالة الطلب، وزر لمطالعة الطلب.  زيارة المجمع:
كيف يعني هل يمكنني معرفه حاله طلبي لشراء مخطوط بعد التقديم؟ كيف؟,جواب: يمكن للمستخدم متابعة حالة الطلبات من خلال جدول الطلبات الذي يظهر فيه مجموعة من الحقول مثل رقم الطلب، التاريخ، مقدم الطلب، حالة الطلب، وزر لمطالعة الطلب.  زيارة المجمع:
وش يعني ما هي خدمة زيارة المجمع وماذا تشمل؟,جواب: خدمة زيارة المجمع تتيح للمستفيدين تحديد موعد لزيارة مجمع الملك عبد العزيز للمكتبات الوقفية، حيث يمكنهم الاطلاع على المقتنيات والموارد المتاحة كما تهدف الخدمة إلى تعزيز الوعي الثقافي، توفير فرصة للباحثين والمهتمين للاطلاع على المقتنيات، وتسهيل الوصول إلى المعلومات والموارد
وش السالفه بـ ما هي خدمة زيارة المجمع وماذا تشمل؟,جواب: خدمة زيارة المجمع تتيح للمستفيدين تحديد موعد لزيارة مجمع الملك عبد العزيز للمكتبات الوقفية، حيث يمكنهم الاطلاع على المقتنيات والموارد المتاحة كما تهدف الخدمة إلى تعزيز الوعي الثقافي، توفير فرصة للباحثين والمهتمين للاطلاع على المقتنيات، وتسهيل الوصول إلى المعلومات والموارد
ابي اعرف عن ما هي خدمة زيارة المجمع وماذا تشمل؟,جواب: خدمة زيارة المجمع تتيح للمستفيدين تحديد موعد لزيارة مجمع الملك عبد العزيز للمكتبات الوقفية، حيث يمكنهم الاطلاع على المقتنيات والموارد المتاحة كما تهدف الخدمة إلى تعزيز الوعي الثقافي، توفير فرصة للباحثين والمهتمين للاطلاع على المقتنيات، وتسهيل الوصول إلى المعلومات والموارد
ممكن تفهمني ما هي خدمة زيارة المجمع وماذا تشمل؟,جواب: خدمة زيارة المجمع تتيح للمستفيدين تحديد موعد لزيارة مجمع الملك عبد العزيز للمكتبات الوقفية، حيث يمكنهم الاطلاع على المقتنيات والموارد المتاحة كما تهدف الخدمة إلى تعزيز الوعي الثقافي، توفير فرصة للباحثين والمهتمين للاطلاع على المقتنيات، وتسهيل الوصول إلى المعلومات والموارد
لو تقدر تشرحلي ما هي خدمة زيارة المجمع وماذا تشمل؟,جواب: خدمة زيارة المجمع تتيح للمستفيدين تحديد موعد لزيارة مجمع الملك عبد العزيز للمكتبات الوقفية، حيث يمكنهم الاطلاع على المقتنيات والموارد المتاحة كما تهدف الخدمة إلى تعزيز الوعي الثقافي، توفير فرصة للباحثين والمهتمين للاطلاع على المقتنيات، وتسهيل الوصول إلى المعلومات والموارد
وش تقصدون بـ ما هي خدمة زيارة المجمع وماذا تشمل؟,جواب: خدمة زيارة المجمع تتيح للمستفيدين تحديد موعد لزيارة مجمع الملك عبد العزيز للمكتبات الوقفية، حيث يمكنهم الاطلاع على المقتنيات والموارد المتاحة كما تهدف الخدمة إلى تعزيز الوعي الثقافي، توفير فرصة للباحثين والمهتمين للاطلاع على المقتنيات، وتسهيل الوصول إلى المعلومات والموارد
ما هي خدمة زيارة المجمع وماذا تشمل؟,جواب: خدمة زيارة المجمع تتيح للمستفيدين تحديد موعد لزيارة مجمع الملك عبد العزيز للمكتبات الوقفية، حيث يمكنهم الاطلاع على المقتنيات والموارد المتاحة كما تهدف الخدمة إلى تعزيز الوعي الثقافي، توفير فرصة للباحثين والمهتمين للاطلاع على المقتنيات، وتسهيل الوصول إلى المعلومات والموارد
وش الهدف من ما هي خدمة زيارة المجمع وماذا تشمل؟,جواب: خدمة زيارة المجمع تتيح للمستفيدين تحديد موعد لزيارة مجمع الملك عبد العزيز للمكتبات الوقفية، حيث يمكنهم الاطلاع على المقتنيات والموارد المتاحة كما تهدف الخدمة إلى تعزيز الوعي الثقافي، توفير فرصة للباحثين والمهتمين للاطلاع على المقتنيات، وتسهيل الوصول إلى المعلومات والموارد
من يستطيع طلب زيارة المجمع؟,جواب: المستفيدون من الخدمة هم الطلاب، الباحثون، الأكاديميون، والمهتمون بالثقافة والتراث.
ممكن تقول لي وش يعني من يستطيع طلب زيارة المجمع؟,جواب: المستفيدون من الخدمة هم الطلاب، الباحثون، الأكاديميون، والمهتمون بالثقافة والتراث.
هل المقصود بـ من يستطيع طلب زيارة المجمع هو شي محدد؟,جواب: المستفيدون من الخدمة هم الطلاب، الباحثون، الأكاديميون، والمهتمون بالثقافة والتراث.
وش يعني من يستطيع طلب زياره المجمع؟,جواب: المستفيدون من الخدمة هم الطلاب، الباحثون، الأكاديميون، والمهتمون بالثقافة والتراث.
وش يعني من يستطيع طلب زيارة المجمع؟,جواب: المستفيدون من الخدمة هم الطلاب، الباحثون، الأكاديميون، والمهتمون بالثقافة والتراث.
وش السالفه بـ من يستطيع طلب زيارة المجمع؟,جواب: المستفيدون من الخدمة هم الطلاب، الباحثون، الأكاديميون، والمهتمون بالثقافة والتراث.
تقدر تشرح لي موضوع من يستطيع طلب زياره المجمع؟,جواب: المستفيدون من الخدمة هم الطلاب، الباحثون، الأكاديميون، والمهتمون بالثقافة والتراث.
لو تقدر تشرحلي من يستطيع طلب زياره المجمع؟,جواب: المستفيدون من الخدمة هم الطلاب، الباحثون، الأكاديميون، والمهتمون بالثقافة والتراث.
كيف يمكن حجز موعد لزيارة المجمع؟,جواب يمكن للمستخدم تقديم طلب من خلال تعبئة النموذج الخاص بخدمة زيارة المجمع على المنصة، وتحديد الموعد والمعلومات المطلوبة ، كما يجب على المستخدم تقديم معلومات مثل الاسم الكامل، البريد الإلكتروني، رقم الهاتف، تاريخ الزيارة، وسبب الزيارة 
وش يعني كيف يمكن حجز موعد لزياره المجمع؟,جواب يمكن للمستخدم تقديم طلب من خلال تعبئة النموذج الخاص بخدمة زيارة المجمع على المنصة، وتحديد الموعد والمعلومات المطلوبة ، كما يجب على المستخدم تقديم معلومات مثل الاسم الكامل، البريد الإلكتروني، رقم الهاتف، تاريخ الزيارة، وسبب الزيارة 
ابي افهم كيف يمكن حجز موعد لزياره المجمع؟,جواب يمكن للمستخدم تقديم طلب من خلال تعبئة النموذج الخاص بخدمة زيارة المجمع على المنصة، وتحديد الموعد والمعلومات المطلوبة ، كما يجب على المستخدم تقديم معلومات مثل الاسم الكامل، البريد الإلكتروني، رقم الهاتف، تاريخ الزيارة، وسبب الزيارة 
كيف يعني كيف يمكن حجز موعد لزياره المجمع؟,جواب يمكن للمستخدم تقديم طلب من خلال تعبئة النموذج الخاص بخدمة زيارة المجمع على المنصة، وتحديد الموعد والمعلومات المطلوبة ، كما يجب على المستخدم تقديم معلومات مثل الاسم الكامل، البريد الإلكتروني، رقم الهاتف، تاريخ الزيارة، وسبب الزيارة 
وش المقصود بـ كيف يمكن حجز موعد لزياره المجمع؟,جواب يمكن للمستخدم تقديم طلب من خلال تعبئة النموذج الخاص بخدمة زيارة المجمع على المنصة، وتحديد الموعد والمعلومات المطلوبة ، كما يجب على المستخدم تقديم معلومات مثل الاسم الكامل، البريد الإلكتروني، رقم الهاتف، تاريخ الزيارة، وسبب الزيارة 
لو تقدر تشرحلي كيف يمكن حجز موعد لزياره المجمع؟,جواب يمكن للمستخدم تقديم طلب من خلال تعبئة النموذج الخاص بخدمة زيارة المجمع على المنصة، وتحديد الموعد والمعلومات المطلوبة ، كما يجب على المستخدم تقديم معلومات مثل الاسم الكامل، البريد الإلكتروني، رقم الهاتف، تاريخ الزيارة، وسبب الزيارة 
ابي اعرف عن كيف يمكن حجز موعد لزياره المجمع؟,جواب يمكن للمستخدم تقديم طلب من خلال تعبئة النموذج الخاص بخدمة زيارة المجمع على المنصة، وتحديد الموعد والمعلومات المطلوبة ، كما يجب على المستخدم تقديم معلومات مثل الاسم الكامل، البريد الإلكتروني، رقم الهاتف، تاريخ الزيارة، وسبب الزيارة 
وش تقصدون بـ كيف يمكن حجز موعد لزيارة المجمع؟,جواب يمكن للمستخدم تقديم طلب من خلال تعبئة النموذج الخاص بخدمة زيارة المجمع على المنصة، وتحديد الموعد والمعلومات المطلوبة ، كما يجب على المستخدم تقديم معلومات مثل الاسم الكامل، البريد الإلكتروني، رقم الهاتف، تاريخ الزيارة، وسبب الزيارة 
تقدر تشرح لي موضوع ما المعايير التي يتم من خلالها تقييم طلبات الزياره للمجمع؟,جواب: يتم تقييم الطلبات من قبل موظف المجمع الذي يقوم بمراجعة الطلب وتحديد ما إذا كان سيتم الموافقة عليه أو إعادته لمقدم الطلب لتعديل الملاحظات.
وش تقصدون بـ ما المعايير التي يتم من خلالها تقييم طلبات الزيارة للمجمع؟,جواب: يتم تقييم الطلبات من قبل موظف المجمع الذي يقوم بمراجعة الطلب وتحديد ما إذا كان سيتم الموافقة عليه أو إعادته لمقدم الطلب لتعديل الملاحظات.
وش يعني ما المعايير التي يتم من خلالها تقييم طلبات الزيارة للمجمع؟,جواب: يتم تقييم الطلبات من قبل موظف المجمع الذي يقوم بمراجعة الطلب وتحديد ما إذا كان سيتم الموافقة عليه أو إعادته لمقدم الطلب لتعديل الملاحظات.
ما المعايير التي يتم من خلالها تقييم طلبات الزيارة للمجمع؟,جواب: يتم تقييم الطلبات من قبل موظف المجمع الذي يقوم بمراجعة الطلب وتحديد ما إذا كان سيتم الموافقة عليه أو إعادته لمقدم الطلب لتعديل الملاحظات.
ابي افهم ما المعايير التي يتم من خلالها تقييم طلبات الزياره للمجمع؟,جواب: يتم تقييم الطلبات من قبل موظف المجمع الذي يقوم بمراجعة الطلب وتحديد ما إذا كان سيتم الموافقة عليه أو إعادته لمقدم الطلب لتعديل الملاحظات.
كيف يعني ما المعايير التي يتم من خلالها تقييم طلبات الزيارة المجمع؟,جواب: يتم تقييم الطلبات من قبل موظف المجمع الذي يقوم بمراجعة الطلب وتحديد ما إذا كان سيتم الموافقة عليه أو إعادته لمقدم الطلب لتعديل الملاحظات.
ممكن تفهمني ما المعايير التي يتم من خلالها تقييم طلبات الزياره للمجمع؟,جواب: يتم تقييم الطلبات من قبل موظف المجمع الذي يقوم بمراجعة الطلب وتحديد ما إذا كان سيتم الموافقة عليه أو إعادته لمقدم الطلب لتعديل الملاحظات.
ابي اعرف عن ما المعايير التي يتم من خلالها تقييم طلبات الزياره للمجمع؟,جواب: يتم تقييم الطلبات من قبل موظف المجمع الذي يقوم بمراجعة الطلب وتحديد ما إذا كان سيتم الموافقة عليه أو إعادته لمقدم الطلب لتعديل الملاحظات.
كيف أتابع حالة الطلب خدمة زيارة مجمع بعد تقديمه؟,"جواب: يمكن للمستخدم متابعة حالة الطلب من خلال جدول الطلبات الخاص به، حيث يظهر فيه حالة الطلب (مثل ""جديد""، ""تحت الإجراء""، ""تم التعديل""، إلخ) إضافة المكتبات:"
ابي اعرف عن كيف اتابع حالة الطلب خدمة زيارة مجمع بعد تقديمه؟,"جواب: يمكن للمستخدم متابعة حالة الطلب من خلال جدول الطلبات الخاص به، حيث يظهر فيه حالة الطلب (مثل ""جديد""، ""تحت الإجراء""، ""تم التعديل""، إلخ) إضافة المكتبات:"
وش السالفه بـ كيف أتابع حالة الطلب خدمة زيارة مجمع بعد تقديمه؟,"جواب: يمكن للمستخدم متابعة حالة الطلب من خلال جدول الطلبات الخاص به، حيث يظهر فيه حالة الطلب (مثل ""جديد""، ""تحت الإجراء""، ""تم التعديل""، إلخ) إضافة المكتبات:"
وش تقصدون بـ كيف أتابع حالة الطلب خدمة زيارة مجمع بعد تقديمه؟,"جواب: يمكن للمستخدم متابعة حالة الطلب من خلال جدول الطلبات الخاص به، حيث يظهر فيه حالة الطلب (مثل ""جديد""، ""تحت الإجراء""، ""تم التعديل""، إلخ) إضافة المكتبات:"
ممكن تفهمني كيف اتابع حالة الطلب خدمة زيارة مجمع بعد تقديمه؟,"جواب: يمكن للمستخدم متابعة حالة الطلب من خلال جدول الطلبات الخاص به، حيث يظهر فيه حالة الطلب (مثل ""جديد""، ""تحت الإجراء""، ""تم التعديل""، إلخ) إضافة المكتبات:"
ابي افهم كيف اتابع حالة الطلب خدمة زيارة مجمع بعد تقديمه؟,"جواب: يمكن للمستخدم متابعة حالة الطلب من خلال جدول الطلبات الخاص به، حيث يظهر فيه حالة الطلب (مثل ""جديد""، ""تحت الإجراء""، ""تم التعديل""، إلخ) إضافة المكتبات:"
وش يعني كيف اتابع حاله الطلب خدمه زياره مجمع بعد تقديمه؟,"جواب: يمكن للمستخدم متابعة حالة الطلب من خلال جدول الطلبات الخاص به، حيث يظهر فيه حالة الطلب (مثل ""جديد""، ""تحت الإجراء""، ""تم التعديل""، إلخ) إضافة المكتبات:"
ممكن تقول لي وش يعني كيف أتابع حاله الطلب خدمه زياره مجمع بعد تقديمه؟,"جواب: يمكن للمستخدم متابعة حالة الطلب من خلال جدول الطلبات الخاص به، حيث يظهر فيه حالة الطلب (مثل ""جديد""، ""تحت الإجراء""، ""تم التعديل""، إلخ) إضافة المكتبات:"
كيف يعني ما الهدف من خدمه إضافه مكتبه؟,جواب خدمة إضافة مكتبة تتيح لأصحاب ومديري المكتبات الخاصة أو العامة أو الوقفية من خارج المجمع تقديم طلب لإضافة مكتبتهم الخاصة، بما في ذلك المكتبات الرئيسية والفرعية ، كما تهدف هذه الخدمة إلى تسهيل عملية إدراج المكتبات في بوابة المكتبات الخاصة بالمجمع، وتعزيز التعاون بين المكتبات المختلفة.
ما الهدف من خدمة إضافة مكتبة؟,جواب خدمة إضافة مكتبة تتيح لأصحاب ومديري المكتبات الخاصة أو العامة أو الوقفية من خارج المجمع تقديم طلب لإضافة مكتبتهم الخاصة، بما في ذلك المكتبات الرئيسية والفرعية ، كما تهدف هذه الخدمة إلى تسهيل عملية إدراج المكتبات في بوابة المكتبات الخاصة بالمجمع، وتعزيز التعاون بين المكتبات المختلفة.
ابي افهم ما الهدف من خدمة إضافة مكتبة؟,جواب خدمة إضافة مكتبة تتيح لأصحاب ومديري المكتبات الخاصة أو العامة أو الوقفية من خارج المجمع تقديم طلب لإضافة مكتبتهم الخاصة، بما في ذلك المكتبات الرئيسية والفرعية ، كما تهدف هذه الخدمة إلى تسهيل عملية إدراج المكتبات في بوابة المكتبات الخاصة بالمجمع، وتعزيز التعاون بين المكتبات المختلفة.
هل المقصود بـ ما الهدف من خدمه إضافه مكتبه هو شي محدد؟,جواب خدمة إضافة مكتبة تتيح لأصحاب ومديري المكتبات الخاصة أو العامة أو الوقفية من خارج المجمع تقديم طلب لإضافة مكتبتهم الخاصة، بما في ذلك المكتبات الرئيسية والفرعية ، كما تهدف هذه الخدمة إلى تسهيل عملية إدراج المكتبات في بوابة المكتبات الخاصة بالمجمع، وتعزيز التعاون بين المكتبات المختلفة.
ممكن تفهمني ما الهدف من خدمة إضافة مكتبة؟,جواب خدمة إضافة مكتبة تتيح لأصحاب ومديري المكتبات الخاصة أو العامة أو الوقفية من خارج المجمع تقديم طلب لإضافة مكتبتهم الخاصة، بما في ذلك المكتبات الرئيسية والفرعية ، كما تهدف هذه الخدمة إلى تسهيل عملية إدراج المكتبات في بوابة المكتبات الخاصة بالمجمع، وتعزيز التعاون بين المكتبات المختلفة.
اقدر اعرف ما الهدف من خدمه إضافه مكتبه؟,جواب خدمة إضافة مكتبة تتيح لأصحاب ومديري المكتبات الخاصة أو العامة أو الوقفية من خارج المجمع تقديم طلب لإضافة مكتبتهم الخاصة، بما في ذلك المكتبات الرئيسية والفرعية ، كما تهدف هذه الخدمة إلى تسهيل عملية إدراج المكتبات في بوابة المكتبات الخاصة بالمجمع، وتعزيز التعاون بين المكتبات المختلفة.
لو تقدر تشرحلي ما الهدف من خدمه إضافه مكتبه؟,جواب خدمة إضافة مكتبة تتيح لأصحاب ومديري المكتبات الخاصة أو العامة أو الوقفية من خارج المجمع تقديم طلب لإضافة مكتبتهم الخاصة، بما في ذلك المكتبات الرئيسية والفرعية ، كما تهدف هذه الخدمة إلى تسهيل عملية إدراج المكتبات في بوابة المكتبات الخاصة بالمجمع، وتعزيز التعاون بين المكتبات المختلفة.
وش السالفه بـ ما الهدف من خدمه إضافه مكتبه؟,جواب خدمة إضافة مكتبة تتيح لأصحاب ومديري المكتبات الخاصة أو العامة أو الوقفية من خارج المجمع تقديم طلب لإضافة مكتبتهم الخاصة، بما في ذلك المكتبات الرئيسية والفرعية ، كما تهدف هذه الخدمة إلى تسهيل عملية إدراج المكتبات في بوابة المكتبات الخاصة بالمجمع، وتعزيز التعاون بين المكتبات المختلفة.
وش تقصدون بـ من يمكنه استخدام خدمه إضافه مكتبه؟,جواب: المستفيدون من الخدمة هم أصحاب ومديرو المكتبات الخاصة، العامة، والوقفية الذين يرغبون في إدراج مكتباتهم في النظام .
من يمكنه استخدام خدمة إضافة مكتبة؟,جواب: المستفيدون من الخدمة هم أصحاب ومديرو المكتبات الخاصة، العامة، والوقفية الذين يرغبون في إدراج مكتباتهم في النظام .
ممكن تفهمني من يمكنه استخدام خدمة إضافة مكتبة؟,جواب: المستفيدون من الخدمة هم أصحاب ومديرو المكتبات الخاصة، العامة، والوقفية الذين يرغبون في إدراج مكتباتهم في النظام .
ممكن تفهمني من يمكنه استخدام خدمه إضافه مكتبه؟,جواب: المستفيدون من الخدمة هم أصحاب ومديرو المكتبات الخاصة، العامة، والوقفية الذين يرغبون في إدراج مكتباتهم في النظام .
كيف يعني من يمكنه استخدام خدمة إضافة مكتبة؟,جواب: المستفيدون من الخدمة هم أصحاب ومديرو المكتبات الخاصة، العامة، والوقفية الذين يرغبون في إدراج مكتباتهم في النظام .
وش الهدف من من يمكنه استخدام خدمة إضافة مكتبة؟,جواب: المستفيدون من الخدمة هم أصحاب ومديرو المكتبات الخاصة، العامة، والوقفية الذين يرغبون في إدراج مكتباتهم في النظام .
ابي اعرف عن من يمكنه استخدام خدمة إضافة مكتبة؟,جواب: المستفيدون من الخدمة هم أصحاب ومديرو المكتبات الخاصة، العامة، والوقفية الذين يرغبون في إدراج مكتباتهم في النظام .
ممكن تقول لي وش يعني من يمكنه استخدام خدمه إضافه مكتبه؟,جواب: المستفيدون من الخدمة هم أصحاب ومديرو المكتبات الخاصة، العامة، والوقفية الذين يرغبون في إدراج مكتباتهم في النظام .
ممكن تفهمني كيف يتم إرسال طلب لإضافة مكتبة جديدة؟,جواب يمكن للمستخدم تقديم طلب من خلال تعبئة النموذج الخاص بخدمة إضافة مكتبة على المنصة، وتقديم المعلومات المطلوبة حول المكتبة حيث يقوم المستخدم بتقديم معلومات مثل اسم المكتبة، نوع المكتبة، تخصص المكتبة، عدد المكتبات الفرعية، معلومات الاتصال، والعنوان.
تقدر تشرح لي موضوع كيف يتم إرسال طلب لإضافة مكتبة جديدة؟,جواب يمكن للمستخدم تقديم طلب من خلال تعبئة النموذج الخاص بخدمة إضافة مكتبة على المنصة، وتقديم المعلومات المطلوبة حول المكتبة حيث يقوم المستخدم بتقديم معلومات مثل اسم المكتبة، نوع المكتبة، تخصص المكتبة، عدد المكتبات الفرعية، معلومات الاتصال، والعنوان.
اقدر اعرف كيف يتم إرسال طلب لإضافه مكتبه جديده؟,جواب يمكن للمستخدم تقديم طلب من خلال تعبئة النموذج الخاص بخدمة إضافة مكتبة على المنصة، وتقديم المعلومات المطلوبة حول المكتبة حيث يقوم المستخدم بتقديم معلومات مثل اسم المكتبة، نوع المكتبة، تخصص المكتبة، عدد المكتبات الفرعية، معلومات الاتصال، والعنوان.
لو تقدر تشرحلي كيف يتم إرسال طلب لإضافه مكتبه جديده؟,جواب يمكن للمستخدم تقديم طلب من خلال تعبئة النموذج الخاص بخدمة إضافة مكتبة على المنصة، وتقديم المعلومات المطلوبة حول المكتبة حيث يقوم المستخدم بتقديم معلومات مثل اسم المكتبة، نوع المكتبة، تخصص المكتبة، عدد المكتبات الفرعية، معلومات الاتصال، والعنوان.
كيف يتم إرسال طلب لإضافة مكتبة جديدة؟,جواب يمكن للمستخدم تقديم طلب من خلال تعبئة النموذج الخاص بخدمة إضافة مكتبة على المنصة، وتقديم المعلومات المطلوبة حول المكتبة حيث يقوم المستخدم بتقديم معلومات مثل اسم المكتبة، نوع المكتبة، تخصص المكتبة، عدد المكتبات الفرعية، معلومات الاتصال، والعنوان.
وش الهدف من كيف يتم إرسال طلب لإضافة مكتبة جديدة؟,جواب يمكن للمستخدم تقديم طلب من خلال تعبئة النموذج الخاص بخدمة إضافة مكتبة على المنصة، وتقديم المعلومات المطلوبة حول المكتبة حيث يقوم المستخدم بتقديم معلومات مثل اسم المكتبة، نوع المكتبة، تخصص المكتبة، عدد المكتبات الفرعية، معلومات الاتصال، والعنوان.
وش تقصدون بـ كيف يتم إرسال طلب لإضافة مكتبة جديدة؟,جواب يمكن للمستخدم تقديم طلب من خلال تعبئة النموذج الخاص بخدمة إضافة مكتبة على المنصة، وتقديم المعلومات المطلوبة حول المكتبة حيث يقوم المستخدم بتقديم معلومات مثل اسم المكتبة، نوع المكتبة، تخصص المكتبة، عدد المكتبات الفرعية، معلومات الاتصال، والعنوان.
وش السالفه بـ كيف يتم إرسال طلب لإضافه مكتبه جديده؟,جواب يمكن للمستخدم تقديم طلب من خلال تعبئة النموذج الخاص بخدمة إضافة مكتبة على المنصة، وتقديم المعلومات المطلوبة حول المكتبة حيث يقوم المستخدم بتقديم معلومات مثل اسم المكتبة، نوع المكتبة، تخصص المكتبة، عدد المكتبات الفرعية، معلومات الاتصال، والعنوان.
وش المقصود بـ كيف تتم مراجعه الطلبات الخاصه بإضافه مكتبه؟,جواب: يتم تقييم الطلبات من قبل موظف مختص يقوم بمراجعة الطلب وتحديد ما إذا كان سيتم الموافقة عليه أو إعادته لمقدم الطلب لتعديل الملاحظات.
وش تقصدون بـ كيف تتم مراجعة الطلبات الخاصة بإضافة مكتبة؟,جواب: يتم تقييم الطلبات من قبل موظف مختص يقوم بمراجعة الطلب وتحديد ما إذا كان سيتم الموافقة عليه أو إعادته لمقدم الطلب لتعديل الملاحظات.
وش السالفه بـ كيف تتم مراجعه الطلبات الخاصه بإضافه مكتبه؟,جواب: يتم تقييم الطلبات من قبل موظف مختص يقوم بمراجعة الطلب وتحديد ما إذا كان سيتم الموافقة عليه أو إعادته لمقدم الطلب لتعديل الملاحظات.
تقدر تشرح لي موضوع كيف تتم مراجعه الطلبات الخاصه بإضافه مكتبه؟,جواب: يتم تقييم الطلبات من قبل موظف مختص يقوم بمراجعة الطلب وتحديد ما إذا كان سيتم الموافقة عليه أو إعادته لمقدم الطلب لتعديل الملاحظات.
كيف تتم مراجعة الطلبات الخاصة بإضافة مكتبة؟,جواب: يتم تقييم الطلبات من قبل موظف مختص يقوم بمراجعة الطلب وتحديد ما إذا كان سيتم الموافقة عليه أو إعادته لمقدم الطلب لتعديل الملاحظات.
ممكن تفهمني كيف تتم مراجعه الطلبات الخاصه بإضافه مكتبه؟,جواب: يتم تقييم الطلبات من قبل موظف مختص يقوم بمراجعة الطلب وتحديد ما إذا كان سيتم الموافقة عليه أو إعادته لمقدم الطلب لتعديل الملاحظات.
وش يعني كيف تتم مراجعة الطلبات الخاصة بإضافة مكتبة؟,جواب: يتم تقييم الطلبات من قبل موظف مختص يقوم بمراجعة الطلب وتحديد ما إذا كان سيتم الموافقة عليه أو إعادته لمقدم الطلب لتعديل الملاحظات.
ممكن تفهمني كيف تتم مراجعة الطلبات الخاصة بإضافة مكتبة؟,جواب: يتم تقييم الطلبات من قبل موظف مختص يقوم بمراجعة الطلب وتحديد ما إذا كان سيتم الموافقة عليه أو إعادته لمقدم الطلب لتعديل الملاحظات.
هل المقصود بـ كيف اعرف إذا تم قبول طلب إضافة مكتبة هو شي محدد؟,"جواب: يمكن للمستخدم متابعة حالة الطلب من خلال جدول الطلبات الخاص به، حيث يظهر فيه حالة الطلب (مثل ""جديد""، ""تحت الإجراء""، ""تم التعديل""، إلخ) طلب إفادة عن صحة وثائق:"
كيف أعرف إذا تم قبول طلب إضافة مكتبة؟,"جواب: يمكن للمستخدم متابعة حالة الطلب من خلال جدول الطلبات الخاص به، حيث يظهر فيه حالة الطلب (مثل ""جديد""، ""تحت الإجراء""، ""تم التعديل""، إلخ) طلب إفادة عن صحة وثائق:"
ابي اعرف عن كيف أعرف إذا تم قبول طلب إضافه مكتبه؟,"جواب: يمكن للمستخدم متابعة حالة الطلب من خلال جدول الطلبات الخاص به، حيث يظهر فيه حالة الطلب (مثل ""جديد""، ""تحت الإجراء""، ""تم التعديل""، إلخ) طلب إفادة عن صحة وثائق:"
ممكن تفهمني كيف أعرف إذا تم قبول طلب إضافه مكتبه؟,"جواب: يمكن للمستخدم متابعة حالة الطلب من خلال جدول الطلبات الخاص به، حيث يظهر فيه حالة الطلب (مثل ""جديد""، ""تحت الإجراء""، ""تم التعديل""، إلخ) طلب إفادة عن صحة وثائق:"
اقدر اعرف كيف اعرف إذا تم قبول طلب إضافة مكتبة؟,"جواب: يمكن للمستخدم متابعة حالة الطلب من خلال جدول الطلبات الخاص به، حيث يظهر فيه حالة الطلب (مثل ""جديد""، ""تحت الإجراء""، ""تم التعديل""، إلخ) طلب إفادة عن صحة وثائق:"
ممكن تقول لي وش يعني كيف اعرف إذا تم قبول طلب إضافة مكتبة؟,"جواب: يمكن للمستخدم متابعة حالة الطلب من خلال جدول الطلبات الخاص به، حيث يظهر فيه حالة الطلب (مثل ""جديد""، ""تحت الإجراء""، ""تم التعديل""، إلخ) طلب إفادة عن صحة وثائق:"
وش تقصدون بـ كيف أعرف إذا تم قبول طلب إضافة مكتبة؟,"جواب: يمكن للمستخدم متابعة حالة الطلب من خلال جدول الطلبات الخاص به، حيث يظهر فيه حالة الطلب (مثل ""جديد""، ""تحت الإجراء""، ""تم التعديل""، إلخ) طلب إفادة عن صحة وثائق:"
وش يعني كيف أعرف إذا تم قبول طلب إضافه مكتبه؟,"جواب: يمكن للمستخدم متابعة حالة الطلب من خلال جدول الطلبات الخاص به، حيث يظهر فيه حالة الطلب (مثل ""جديد""، ""تحت الإجراء""، ""تم التعديل""، إلخ) طلب إفادة عن صحة وثائق:"
تقدر تشرح لي موضوع ماذا تعني خدمة إقادة عن صحة وثائق؟,جواب هي خدمة تتيح للمستفيدين إمكانية الاستفسار والحصول على إفادة رسمية حول صحة وثيقة معينة ومصدرها ، كما تهدف هذه الخدمة إلى توفير معلومات دقيقة حول الوثائق لتعزيز الثقة في الوثائق المقدمة.
وش الهدف من ماذا تعني خدمة إقادة عن صحة وثائق؟,جواب هي خدمة تتيح للمستفيدين إمكانية الاستفسار والحصول على إفادة رسمية حول صحة وثيقة معينة ومصدرها ، كما تهدف هذه الخدمة إلى توفير معلومات دقيقة حول الوثائق لتعزيز الثقة في الوثائق المقدمة.
وش السالفه بـ ماذا تعني خدمة إقادة عن صحة وثائق؟,جواب هي خدمة تتيح للمستفيدين إمكانية الاستفسار والحصول على إفادة رسمية حول صحة وثيقة معينة ومصدرها ، كما تهدف هذه الخدمة إلى توفير معلومات دقيقة حول الوثائق لتعزيز الثقة في الوثائق المقدمة.
ابي افهم ماذا تعني خدمه إقاده عن صحه وثائق؟,جواب هي خدمة تتيح للمستفيدين إمكانية الاستفسار والحصول على إفادة رسمية حول صحة وثيقة معينة ومصدرها ، كما تهدف هذه الخدمة إلى توفير معلومات دقيقة حول الوثائق لتعزيز الثقة في الوثائق المقدمة.
ماذا تعني خدمة إقادة عن صحة وثائق؟,جواب هي خدمة تتيح للمستفيدين إمكانية الاستفسار والحصول على إفادة رسمية حول صحة وثيقة معينة ومصدرها ، كما تهدف هذه الخدمة إلى توفير معلومات دقيقة حول الوثائق لتعزيز الثقة في الوثائق المقدمة.
كيف يعني ماذا تعني خدمه إقاده عن صحه وثائق؟,جواب هي خدمة تتيح للمستفيدين إمكانية الاستفسار والحصول على إفادة رسمية حول صحة وثيقة معينة ومصدرها ، كما تهدف هذه الخدمة إلى توفير معلومات دقيقة حول الوثائق لتعزيز الثقة في الوثائق المقدمة.
هل المقصود بـ ماذا تعني خدمة إقادة عن صحة وثائق هو شي محدد؟,جواب هي خدمة تتيح للمستفيدين إمكانية الاستفسار والحصول على إفادة رسمية حول صحة وثيقة معينة ومصدرها ، كما تهدف هذه الخدمة إلى توفير معلومات دقيقة حول الوثائق لتعزيز الثقة في الوثائق المقدمة.
ممكن تقول لي وش يعني ماذا تعني خدمه إقاده عن صحه وثائق؟,جواب هي خدمة تتيح للمستفيدين إمكانية الاستفسار والحصول على إفادة رسمية حول صحة وثيقة معينة ومصدرها ، كما تهدف هذه الخدمة إلى توفير معلومات دقيقة حول الوثائق لتعزيز الثقة في الوثائق المقدمة.
وش تقصدون بـ من يحق له طلب الإفاده؟,جواب: المستفيدون من الخدمة هم الأفراد، الباحثون، والجهات الحكومية أو الخاصة التي تحتاج إلى التحقق من صحة الوثائق.
ابي افهم من يحق له طلب الإفادة؟,جواب: المستفيدون من الخدمة هم الأفراد، الباحثون، والجهات الحكومية أو الخاصة التي تحتاج إلى التحقق من صحة الوثائق.
ابي اعرف عن من يحق له طلب الإفادة؟,جواب: المستفيدون من الخدمة هم الأفراد، الباحثون، والجهات الحكومية أو الخاصة التي تحتاج إلى التحقق من صحة الوثائق.
ابي اعرف عن من يحق له طلب الإفاده؟,جواب: المستفيدون من الخدمة هم الأفراد، الباحثون، والجهات الحكومية أو الخاصة التي تحتاج إلى التحقق من صحة الوثائق.
اقدر اعرف من يحق له طلب الإفادة؟,جواب: المستفيدون من الخدمة هم الأفراد، الباحثون، والجهات الحكومية أو الخاصة التي تحتاج إلى التحقق من صحة الوثائق.
تقدر تشرح لي موضوع من يحق له طلب الإفاده؟,جواب: المستفيدون من الخدمة هم الأفراد، الباحثون، والجهات الحكومية أو الخاصة التي تحتاج إلى التحقق من صحة الوثائق.
من يحق له طلب الإفادة؟,جواب: المستفيدون من الخدمة هم الأفراد، الباحثون، والجهات الحكومية أو الخاصة التي تحتاج إلى التحقق من صحة الوثائق.
ابي افهم من يحق له طلب الإفاده؟,جواب: المستفيدون من الخدمة هم الأفراد، الباحثون، والجهات الحكومية أو الخاصة التي تحتاج إلى التحقق من صحة الوثائق.
لو تقدر تشرحلي كيف أقدّم طلب للحصول على إفادة عن صحة وثيقة؟,جواب يمكن للمستخدم تقديم طلب من خلال تعبئة النموذج الخاص بالخدمة على المنصة، وتقديم المعلومات المطلوبة حول الوثيقة ، كما يجب على المستخدم تقديم معلومات مثل الاسم الكامل، البريد الإلكتروني، رقم الهاتف، نوع الوثيقة، تاريخ الوثيقة، وأي تفاصيل إضافية ذات صلة
تقدر تشرح لي موضوع كيف أقدّم طلب للحصول على إفاده عن صحه وثيقه؟,جواب يمكن للمستخدم تقديم طلب من خلال تعبئة النموذج الخاص بالخدمة على المنصة، وتقديم المعلومات المطلوبة حول الوثيقة ، كما يجب على المستخدم تقديم معلومات مثل الاسم الكامل، البريد الإلكتروني، رقم الهاتف، نوع الوثيقة، تاريخ الوثيقة، وأي تفاصيل إضافية ذات صلة
وش تقصدون بـ كيف أقدّم طلب للحصول على إفادة عن صحة وثيقة؟,جواب يمكن للمستخدم تقديم طلب من خلال تعبئة النموذج الخاص بالخدمة على المنصة، وتقديم المعلومات المطلوبة حول الوثيقة ، كما يجب على المستخدم تقديم معلومات مثل الاسم الكامل، البريد الإلكتروني، رقم الهاتف، نوع الوثيقة، تاريخ الوثيقة، وأي تفاصيل إضافية ذات صلة
كيف أقدّم طلب للحصول على إفادة عن صحة وثيقة؟,جواب يمكن للمستخدم تقديم طلب من خلال تعبئة النموذج الخاص بالخدمة على المنصة، وتقديم المعلومات المطلوبة حول الوثيقة ، كما يجب على المستخدم تقديم معلومات مثل الاسم الكامل، البريد الإلكتروني، رقم الهاتف، نوع الوثيقة، تاريخ الوثيقة، وأي تفاصيل إضافية ذات صلة
ابي اعرف عن كيف أقدّم طلب للحصول على إفادة عن صحة وثيقة؟,جواب يمكن للمستخدم تقديم طلب من خلال تعبئة النموذج الخاص بالخدمة على المنصة، وتقديم المعلومات المطلوبة حول الوثيقة ، كما يجب على المستخدم تقديم معلومات مثل الاسم الكامل، البريد الإلكتروني، رقم الهاتف، نوع الوثيقة، تاريخ الوثيقة، وأي تفاصيل إضافية ذات صلة
لو تقدر تشرحلي كيف أقدّم طلب للحصول على إفاده عن صحه وثيقه؟,جواب يمكن للمستخدم تقديم طلب من خلال تعبئة النموذج الخاص بالخدمة على المنصة، وتقديم المعلومات المطلوبة حول الوثيقة ، كما يجب على المستخدم تقديم معلومات مثل الاسم الكامل، البريد الإلكتروني، رقم الهاتف، نوع الوثيقة، تاريخ الوثيقة، وأي تفاصيل إضافية ذات صلة
اقدر اعرف كيف أقدّم طلب للحصول على إفادة عن صحة وثيقة؟,جواب يمكن للمستخدم تقديم طلب من خلال تعبئة النموذج الخاص بالخدمة على المنصة، وتقديم المعلومات المطلوبة حول الوثيقة ، كما يجب على المستخدم تقديم معلومات مثل الاسم الكامل، البريد الإلكتروني، رقم الهاتف، نوع الوثيقة، تاريخ الوثيقة، وأي تفاصيل إضافية ذات صلة
وش السالفه بـ كيف أقدّم طلب للحصول على إفادة عن صحة وثيقة؟,جواب يمكن للمستخدم تقديم طلب من خلال تعبئة النموذج الخاص بالخدمة على المنصة، وتقديم المعلومات المطلوبة حول الوثيقة ، كما يجب على المستخدم تقديم معلومات مثل الاسم الكامل، البريد الإلكتروني، رقم الهاتف، نوع الوثيقة، تاريخ الوثيقة، وأي تفاصيل إضافية ذات صلة
اقدر اعرف ما الخطوات التي تتبع لتقييم الطلبات المقدمة للحصول على خدمة إفادة عن صحة وثائق؟,جواب: يتم تقييم الطلبات من قبل موظف مختص يقوم بمراجعة الطلب والتحقق من المعلومات المقدمة قبل إصدار الإفادة.
ما الخطوات التي تتبع لتقييم الطلبات المقدمة للحصول على خدمة إفادة عن صحة وثائق؟,جواب: يتم تقييم الطلبات من قبل موظف مختص يقوم بمراجعة الطلب والتحقق من المعلومات المقدمة قبل إصدار الإفادة.
هل المقصود بـ ما الخطوات التي تتبع لتقييم الطلبات المقدمة للحصول على خدمة إفادة عن صحة وثائق هو شي محدد؟,جواب: يتم تقييم الطلبات من قبل موظف مختص يقوم بمراجعة الطلب والتحقق من المعلومات المقدمة قبل إصدار الإفادة.
وش يعني ما الخطوات التي تتبع لتقييم الطلبات المقدمة للحصول على خدمة إفادة عن صحة وثائق؟,جواب: يتم تقييم الطلبات من قبل موظف مختص يقوم بمراجعة الطلب والتحقق من المعلومات المقدمة قبل إصدار الإفادة.
كيف يعني ما الخطوات التي تتبع لتقييم الطلبات المقدمه للحصول على خدمه إفاده عن صحه وثائق؟,جواب: يتم تقييم الطلبات من قبل موظف مختص يقوم بمراجعة الطلب والتحقق من المعلومات المقدمة قبل إصدار الإفادة.
ممكن تقول لي وش يعني ما الخطوات التي تتبع لتقييم الطلبات المقدمه للحصول على خدمه إفاده عن صحه وثائق؟,جواب: يتم تقييم الطلبات من قبل موظف مختص يقوم بمراجعة الطلب والتحقق من المعلومات المقدمة قبل إصدار الإفادة.
اقدر اعرف ما الخطوات التي تتبع لتقييم الطلبات المقدمه للحصول على خدمه إفاده عن صحه وثائق؟,جواب: يتم تقييم الطلبات من قبل موظف مختص يقوم بمراجعة الطلب والتحقق من المعلومات المقدمة قبل إصدار الإفادة.
وش تقصدون بـ ما الخطوات التي تتبع لتقييم الطلبات المقدمة للحصول على خدمة إفادة عن صحة وثائق؟,جواب: يتم تقييم الطلبات من قبل موظف مختص يقوم بمراجعة الطلب والتحقق من المعلومات المقدمة قبل إصدار الإفادة.
لو تقدر تشرحلي أين يمكنني متابعة حالة الطلب لخدمة إفادة عن صحة وثائق؟,"جواب: يمكن للمستخدم متابعة حالة الطلب من خلال جدول الطلبات الخاص به، حيث يظهر فيه حالة الطلب (مثل ""جديد""، ""تحت الإجراء""، ""تم التعديل""، إلخ) خدمات الترميم والتعقيم والتجليد:"
كيف يعني اين يمكنني متابعة حالة الطلب لخدمة إفادة عن صحة وثائق؟,"جواب: يمكن للمستخدم متابعة حالة الطلب من خلال جدول الطلبات الخاص به، حيث يظهر فيه حالة الطلب (مثل ""جديد""، ""تحت الإجراء""، ""تم التعديل""، إلخ) خدمات الترميم والتعقيم والتجليد:"
وش تقصدون بـ اين يمكنني متابعة حالة الطلب لخدمة إفادة عن صحة وثائق؟,"جواب: يمكن للمستخدم متابعة حالة الطلب من خلال جدول الطلبات الخاص به، حيث يظهر فيه حالة الطلب (مثل ""جديد""، ""تحت الإجراء""، ""تم التعديل""، إلخ) خدمات الترميم والتعقيم والتجليد:"
هل المقصود بـ أين يمكنني متابعه حاله الطلب لخدمه إفاده عن صحه وثائق هو شي محدد؟,"جواب: يمكن للمستخدم متابعة حالة الطلب من خلال جدول الطلبات الخاص به، حيث يظهر فيه حالة الطلب (مثل ""جديد""، ""تحت الإجراء""، ""تم التعديل""، إلخ) خدمات الترميم والتعقيم والتجليد:"
وش المقصود بـ أين يمكنني متابعة حالة الطلب لخدمة إفادة عن صحة وثائق؟,"جواب: يمكن للمستخدم متابعة حالة الطلب من خلال جدول الطلبات الخاص به، حيث يظهر فيه حالة الطلب (مثل ""جديد""، ""تحت الإجراء""، ""تم التعديل""، إلخ) خدمات الترميم والتعقيم والتجليد:"
تقدر تشرح لي موضوع اين يمكنني متابعة حالة الطلب لخدمة إفادة عن صحة وثائق؟,"جواب: يمكن للمستخدم متابعة حالة الطلب من خلال جدول الطلبات الخاص به، حيث يظهر فيه حالة الطلب (مثل ""جديد""، ""تحت الإجراء""، ""تم التعديل""، إلخ) خدمات الترميم والتعقيم والتجليد:"
أين يمكنني متابعة حالة الطلب لخدمة إفادة عن صحة وثائق؟,"جواب: يمكن للمستخدم متابعة حالة الطلب من خلال جدول الطلبات الخاص به، حيث يظهر فيه حالة الطلب (مثل ""جديد""، ""تحت الإجراء""، ""تم التعديل""، إلخ) خدمات الترميم والتعقيم والتجليد:"
وش تقصدون بـ أين يمكنني متابعه حاله الطلب لخدمه إفاده عن صحه وثائق؟,"جواب: يمكن للمستخدم متابعة حالة الطلب من خلال جدول الطلبات الخاص به، حيث يظهر فيه حالة الطلب (مثل ""جديد""، ""تحت الإجراء""، ""تم التعديل""، إلخ) خدمات الترميم والتعقيم والتجليد:"
ممكن تفهمني ما الذي تقدمه خدمه الترميم والتعقيم والتجليد للمستخدم؟,جواب: خدمة الترميم: تهدف إلى إصلاح الوثائق والمخطوطات والكتب التالفة أو المتضررة، وذلك باستخدام تقنيات ومواد خاصة للحفاظ على سلامتها. خدمة التعقيم: تتعلق بإزالة الجراثيم والميكروبات من الوثائق والمخطوطات، مما يضمن سلامتها من التلوث ويطيل عمرها. خدمة التجليد: تشمل تغليف الوثائق والمخطوطات بطريقة تحميها من التلف، وتساعد في تنظيمها وتسهيل الوصول إليها
تقدر تشرح لي موضوع ما الذي تقدمه خدمه الترميم والتعقيم والتجليد للمستخدم؟,جواب: خدمة الترميم: تهدف إلى إصلاح الوثائق والمخطوطات والكتب التالفة أو المتضررة، وذلك باستخدام تقنيات ومواد خاصة للحفاظ على سلامتها. خدمة التعقيم: تتعلق بإزالة الجراثيم والميكروبات من الوثائق والمخطوطات، مما يضمن سلامتها من التلوث ويطيل عمرها. خدمة التجليد: تشمل تغليف الوثائق والمخطوطات بطريقة تحميها من التلف، وتساعد في تنظيمها وتسهيل الوصول إليها
وش المقصود بـ ما الذي تقدمه خدمة الترميم والتعقيم والتجليد للمستخدم؟,جواب: خدمة الترميم: تهدف إلى إصلاح الوثائق والمخطوطات والكتب التالفة أو المتضررة، وذلك باستخدام تقنيات ومواد خاصة للحفاظ على سلامتها. خدمة التعقيم: تتعلق بإزالة الجراثيم والميكروبات من الوثائق والمخطوطات، مما يضمن سلامتها من التلوث ويطيل عمرها. خدمة التجليد: تشمل تغليف الوثائق والمخطوطات بطريقة تحميها من التلف، وتساعد في تنظيمها وتسهيل الوصول إليها
وش السالفه بـ ما الذي تقدمه خدمه الترميم والتعقيم والتجليد للمستخدم؟,جواب: خدمة الترميم: تهدف إلى إصلاح الوثائق والمخطوطات والكتب التالفة أو المتضررة، وذلك باستخدام تقنيات ومواد خاصة للحفاظ على سلامتها. خدمة التعقيم: تتعلق بإزالة الجراثيم والميكروبات من الوثائق والمخطوطات، مما يضمن سلامتها من التلوث ويطيل عمرها. خدمة التجليد: تشمل تغليف الوثائق والمخطوطات بطريقة تحميها من التلف، وتساعد في تنظيمها وتسهيل الوصول إليها
ممكن تقول لي وش يعني ما الذي تقدمه خدمه الترميم والتعقيم والتجليد للمستخدم؟,جواب: خدمة الترميم: تهدف إلى إصلاح الوثائق والمخطوطات والكتب التالفة أو المتضررة، وذلك باستخدام تقنيات ومواد خاصة للحفاظ على سلامتها. خدمة التعقيم: تتعلق بإزالة الجراثيم والميكروبات من الوثائق والمخطوطات، مما يضمن سلامتها من التلوث ويطيل عمرها. خدمة التجليد: تشمل تغليف الوثائق والمخطوطات بطريقة تحميها من التلف، وتساعد في تنظيمها وتسهيل الوصول إليها
ابي افهم ما الذي تقدمه خدمه الترميم والتعقيم والتجليد للمستخدم؟,جواب: خدمة الترميم: تهدف إلى إصلاح الوثائق والمخطوطات والكتب التالفة أو المتضررة، وذلك باستخدام تقنيات ومواد خاصة للحفاظ على سلامتها. خدمة التعقيم: تتعلق بإزالة الجراثيم والميكروبات من الوثائق والمخطوطات، مما يضمن سلامتها من التلوث ويطيل عمرها. خدمة التجليد: تشمل تغليف الوثائق والمخطوطات بطريقة تحميها من التلف، وتساعد في تنظيمها وتسهيل الوصول إليها
هل المقصود بـ ما الذي تقدمه خدمة الترميم والتعقيم والتجليد للمستخدم هو شي محدد؟,جواب: خدمة الترميم: تهدف إلى إصلاح الوثائق والمخطوطات والكتب التالفة أو المتضررة، وذلك باستخدام تقنيات ومواد خاصة للحفاظ على سلامتها. خدمة التعقيم: تتعلق بإزالة الجراثيم والميكروبات من الوثائق والمخطوطات، مما يضمن سلامتها من التلوث ويطيل عمرها. خدمة التجليد: تشمل تغليف الوثائق والمخطوطات بطريقة تحميها من التلف، وتساعد في تنظيمها وتسهيل الوصول إليها
ما الذي تقدمه خدمة الترميم والتعقيم والتجليد للمستخدم؟,جواب: خدمة الترميم: تهدف إلى إصلاح الوثائق والمخطوطات والكتب التالفة أو المتضررة، وذلك باستخدام تقنيات ومواد خاصة للحفاظ على سلامتها. خدمة التعقيم: تتعلق بإزالة الجراثيم والميكروبات من الوثائق والمخطوطات، مما يضمن سلامتها من التلوث ويطيل عمرها. خدمة التجليد: تشمل تغليف الوثائق والمخطوطات بطريقة تحميها من التلف، وتساعد في تنظيمها وتسهيل الوصول إليها
ما هي أنواع الوثائق التي يمكن للمستخدم النهائي طلب خدمات الترميم أو التعقيم أو التجليد لها؟,جواب: يمكن للمستخدم النهائي طلب خدمات الترميم أو التعقيم أو التجليد للوثائق، المخطوطات، والكتب النادرة.
اقدر اعرف ما هي انواع الوثائق التي يمكن للمستخدم النهائي طلب خدمات الترميم او التعقيم او التجليد لها؟,جواب: يمكن للمستخدم النهائي طلب خدمات الترميم أو التعقيم أو التجليد للوثائق، المخطوطات، والكتب النادرة.
هل المقصود بـ ما هي انواع الوثائق التي يمكن للمستخدم النهائي طلب خدمات الترميم او التعقيم او التجليد لها هو شي محدد؟,جواب: يمكن للمستخدم النهائي طلب خدمات الترميم أو التعقيم أو التجليد للوثائق، المخطوطات، والكتب النادرة.
هل المقصود بـ ما هي أنواع الوثائق التي يمكن للمستخدم النهائي طلب خدمات الترميم أو التعقيم أو التجليد لها هو شي محدد؟,جواب: يمكن للمستخدم النهائي طلب خدمات الترميم أو التعقيم أو التجليد للوثائق، المخطوطات، والكتب النادرة.
وش المقصود بـ ما هي أنواع الوثائق التي يمكن للمستخدم النهائي طلب خدمات الترميم أو التعقيم أو التجليد لها؟,جواب: يمكن للمستخدم النهائي طلب خدمات الترميم أو التعقيم أو التجليد للوثائق، المخطوطات، والكتب النادرة.
كيف يعني ما هي انواع الوثائق التي يمكن للمستخدم النهائي طلب خدمات الترميم او التعقيم او التجليد لها؟,جواب: يمكن للمستخدم النهائي طلب خدمات الترميم أو التعقيم أو التجليد للوثائق، المخطوطات، والكتب النادرة.
وش السالفه بـ ما هي انواع الوثائق التي يمكن للمستخدم النهائي طلب خدمات الترميم او التعقيم او التجليد لها؟,جواب: يمكن للمستخدم النهائي طلب خدمات الترميم أو التعقيم أو التجليد للوثائق، المخطوطات، والكتب النادرة.
وش الهدف من ما هي أنواع الوثائق التي يمكن للمستخدم النهائي طلب خدمات الترميم أو التعقيم أو التجليد لها؟,جواب: يمكن للمستخدم النهائي طلب خدمات الترميم أو التعقيم أو التجليد للوثائق، المخطوطات، والكتب النادرة.
كيف يعني لماذا تعتبر خدمه الترميم او التعقيم او التجليد مهمه؟,جواب: حماية التراث الثقافي حيث تساهم هذه الخدمات في حماية التراث الثقافي والتاريخي من التلف والتدهور وكذلك تسهيل الوصول إلى المعلومات: من خلال تحسين حالة الوثائق، يمكن تسهيل الوصول إلى المعلومات القيمة الموجودة فيها. 
كيف يعني لماذا تعتبر خدمة الترميم أو التعقيم أو التجليد مهمة؟,جواب: حماية التراث الثقافي حيث تساهم هذه الخدمات في حماية التراث الثقافي والتاريخي من التلف والتدهور وكذلك تسهيل الوصول إلى المعلومات: من خلال تحسين حالة الوثائق، يمكن تسهيل الوصول إلى المعلومات القيمة الموجودة فيها. 
ممكن تقول لي وش يعني لماذا تعتبر خدمة الترميم او التعقيم او التجليد مهمة؟,جواب: حماية التراث الثقافي حيث تساهم هذه الخدمات في حماية التراث الثقافي والتاريخي من التلف والتدهور وكذلك تسهيل الوصول إلى المعلومات: من خلال تحسين حالة الوثائق، يمكن تسهيل الوصول إلى المعلومات القيمة الموجودة فيها. 
وش تقصدون بـ لماذا تعتبر خدمه الترميم أو التعقيم أو التجليد مهمه؟,جواب: حماية التراث الثقافي حيث تساهم هذه الخدمات في حماية التراث الثقافي والتاريخي من التلف والتدهور وكذلك تسهيل الوصول إلى المعلومات: من خلال تحسين حالة الوثائق، يمكن تسهيل الوصول إلى المعلومات القيمة الموجودة فيها. 
اقدر اعرف لماذا تعتبر خدمة الترميم أو التعقيم أو التجليد مهمة؟,جواب: حماية التراث الثقافي حيث تساهم هذه الخدمات في حماية التراث الثقافي والتاريخي من التلف والتدهور وكذلك تسهيل الوصول إلى المعلومات: من خلال تحسين حالة الوثائق، يمكن تسهيل الوصول إلى المعلومات القيمة الموجودة فيها. 
وش المقصود بـ لماذا تعتبر خدمة الترميم او التعقيم او التجليد مهمة؟,جواب: حماية التراث الثقافي حيث تساهم هذه الخدمات في حماية التراث الثقافي والتاريخي من التلف والتدهور وكذلك تسهيل الوصول إلى المعلومات: من خلال تحسين حالة الوثائق، يمكن تسهيل الوصول إلى المعلومات القيمة الموجودة فيها. 
لماذا تعتبر خدمة الترميم أو التعقيم أو التجليد مهمة؟,جواب: حماية التراث الثقافي حيث تساهم هذه الخدمات في حماية التراث الثقافي والتاريخي من التلف والتدهور وكذلك تسهيل الوصول إلى المعلومات: من خلال تحسين حالة الوثائق، يمكن تسهيل الوصول إلى المعلومات القيمة الموجودة فيها. 
ابي اعرف عن لماذا تعتبر خدمه الترميم أو التعقيم أو التجليد مهمه؟,جواب: حماية التراث الثقافي حيث تساهم هذه الخدمات في حماية التراث الثقافي والتاريخي من التلف والتدهور وكذلك تسهيل الوصول إلى المعلومات: من خلال تحسين حالة الوثائق، يمكن تسهيل الوصول إلى المعلومات القيمة الموجودة فيها. 
اقدر اعرف ما البيانات التي يجب توافرها عند تقديم طلب التعقيم او الترميم او التجليد؟,جواب: يحتاج المستخدم لتقديم المعلومات الشخصية مثل الاسم الكامل، البريد الإلكتروني، ورقم الجوال، بالإضافة إلى معلومات الوثائق أو المقتنيات مثل اسم الوثيقة، اسم المؤلف، تاريخ الوثيقة، نوع الملكية، وأبعاد الوثيقة.
ما البيانات التي يجب توافرها عند تقديم طلب التعقيم او الترميم او التجليد؟,جواب: يحتاج المستخدم لتقديم المعلومات الشخصية مثل الاسم الكامل، البريد الإلكتروني، ورقم الجوال، بالإضافة إلى معلومات الوثائق أو المقتنيات مثل اسم الوثيقة، اسم المؤلف، تاريخ الوثيقة، نوع الملكية، وأبعاد الوثيقة.
تقدر تشرح لي موضوع ما البيانات التي يجب توافرها عند تقديم طلب التعقيم او الترميم او التجليد؟,جواب: يحتاج المستخدم لتقديم المعلومات الشخصية مثل الاسم الكامل، البريد الإلكتروني، ورقم الجوال، بالإضافة إلى معلومات الوثائق أو المقتنيات مثل اسم الوثيقة، اسم المؤلف، تاريخ الوثيقة، نوع الملكية، وأبعاد الوثيقة.
ابي اعرف عن ما البيانات التي يجب توافرها عند تقديم طلب التعقيم او الترميم او التجليد؟,جواب: يحتاج المستخدم لتقديم المعلومات الشخصية مثل الاسم الكامل، البريد الإلكتروني، ورقم الجوال، بالإضافة إلى معلومات الوثائق أو المقتنيات مثل اسم الوثيقة، اسم المؤلف، تاريخ الوثيقة، نوع الملكية، وأبعاد الوثيقة.
وش يعني ما البيانات التي يجب توافرها عند تقديم طلب التعقيم او الترميم او التجليد؟,جواب: يحتاج المستخدم لتقديم المعلومات الشخصية مثل الاسم الكامل، البريد الإلكتروني، ورقم الجوال، بالإضافة إلى معلومات الوثائق أو المقتنيات مثل اسم الوثيقة، اسم المؤلف، تاريخ الوثيقة، نوع الملكية، وأبعاد الوثيقة.
وش السالفه بـ ما البيانات التي يجب توافرها عند تقديم طلب التعقيم او الترميم او التجليد؟,جواب: يحتاج المستخدم لتقديم المعلومات الشخصية مثل الاسم الكامل، البريد الإلكتروني، ورقم الجوال، بالإضافة إلى معلومات الوثائق أو المقتنيات مثل اسم الوثيقة، اسم المؤلف، تاريخ الوثيقة، نوع الملكية، وأبعاد الوثيقة.
وش تقصدون بـ ما البيانات التي يجب توافرها عند تقديم طلب التعقيم او الترميم او التجليد؟,جواب: يحتاج المستخدم لتقديم المعلومات الشخصية مثل الاسم الكامل، البريد الإلكتروني، ورقم الجوال، بالإضافة إلى معلومات الوثائق أو المقتنيات مثل اسم الوثيقة، اسم المؤلف، تاريخ الوثيقة، نوع الملكية، وأبعاد الوثيقة.
ابي افهم ما البيانات التي يجب توافرها عند تقديم طلب التعقيم او الترميم او التجليد؟,جواب: يحتاج المستخدم لتقديم المعلومات الشخصية مثل الاسم الكامل، البريد الإلكتروني، ورقم الجوال، بالإضافة إلى معلومات الوثائق أو المقتنيات مثل اسم الوثيقة، اسم المؤلف، تاريخ الوثيقة، نوع الملكية، وأبعاد الوثيقة.
وش الهدف من كيف يمكنني إرسال طلب للاستفاده من هذه الخدمه؟,"جواب:      - اختيار زر طلب خدمات الترميم أو التعقيم أو التجليد. - إدخال المعلومات الشخصية والمعلومات الخاصة بالوثائق أو المقتنيات. - الموافقة على الشروط والأحكام. - الضغط على زر ""تقديم"" (Submit). - انتظار رسالة تأكيد ""تم تقديم الطلب بنجاح""."
ابي اعرف عن كيف يمكنني إرسال طلب للاستفاده من هذه الخدمه؟,"جواب:      - اختيار زر طلب خدمات الترميم أو التعقيم أو التجليد. - إدخال المعلومات الشخصية والمعلومات الخاصة بالوثائق أو المقتنيات. - الموافقة على الشروط والأحكام. - الضغط على زر ""تقديم"" (Submit). - انتظار رسالة تأكيد ""تم تقديم الطلب بنجاح""."
تقدر تشرح لي موضوع كيف يمكنني إرسال طلب للاستفادة من هذه الخدمة؟,"جواب:      - اختيار زر طلب خدمات الترميم أو التعقيم أو التجليد. - إدخال المعلومات الشخصية والمعلومات الخاصة بالوثائق أو المقتنيات. - الموافقة على الشروط والأحكام. - الضغط على زر ""تقديم"" (Submit). - انتظار رسالة تأكيد ""تم تقديم الطلب بنجاح""."
ممكن تفهمني كيف يمكنني إرسال طلب للاستفاده من هذه الخدمه؟,"جواب:      - اختيار زر طلب خدمات الترميم أو التعقيم أو التجليد. - إدخال المعلومات الشخصية والمعلومات الخاصة بالوثائق أو المقتنيات. - الموافقة على الشروط والأحكام. - الضغط على زر ""تقديم"" (Submit). - انتظار رسالة تأكيد ""تم تقديم الطلب بنجاح""."
كيف يمكنني إرسال طلب للاستفادة من هذه الخدمة؟,"جواب:      - اختيار زر طلب خدمات الترميم أو التعقيم أو التجليد. - إدخال المعلومات الشخصية والمعلومات الخاصة بالوثائق أو المقتنيات. - الموافقة على الشروط والأحكام. - الضغط على زر ""تقديم"" (Submit). - انتظار رسالة تأكيد ""تم تقديم الطلب بنجاح""."
ابي افهم كيف يمكنني إرسال طلب للاستفاده من هذه الخدمه؟,"جواب:      - اختيار زر طلب خدمات الترميم أو التعقيم أو التجليد. - إدخال المعلومات الشخصية والمعلومات الخاصة بالوثائق أو المقتنيات. - الموافقة على الشروط والأحكام. - الضغط على زر ""تقديم"" (Submit). - انتظار رسالة تأكيد ""تم تقديم الطلب بنجاح""."
وش المقصود بـ كيف يمكنني إرسال طلب للاستفادة من هذه الخدمة؟,"جواب:      - اختيار زر طلب خدمات الترميم أو التعقيم أو التجليد. - إدخال المعلومات الشخصية والمعلومات الخاصة بالوثائق أو المقتنيات. - الموافقة على الشروط والأحكام. - الضغط على زر ""تقديم"" (Submit). - انتظار رسالة تأكيد ""تم تقديم الطلب بنجاح""."
وش يعني كيف يمكنني إرسال طلب للاستفادة من هذه الخدمة؟,"جواب:      - اختيار زر طلب خدمات الترميم أو التعقيم أو التجليد. - إدخال المعلومات الشخصية والمعلومات الخاصة بالوثائق أو المقتنيات. - الموافقة على الشروط والأحكام. - الضغط على زر ""تقديم"" (Submit). - انتظار رسالة تأكيد ""تم تقديم الطلب بنجاح""."
وش السالفه بـ هل يمكن متابعه طلب الترميم او التعقيم او التجليد بعد تقديمه؟,جواب: يمكن للمستخدم متابعة حالة الطلبات من خلال جدول الطلبات الذي يظهر فيه مجموعة من الحقول مثل رقم الطلب، التاريخ، مقدم الطلب، حالة الطلب، وزر لمطالعة الطلب.
ابي افهم هل يمكن متابعة طلب الترميم او التعقيم او التجليد بعد تقديمه؟,جواب: يمكن للمستخدم متابعة حالة الطلبات من خلال جدول الطلبات الذي يظهر فيه مجموعة من الحقول مثل رقم الطلب، التاريخ، مقدم الطلب، حالة الطلب، وزر لمطالعة الطلب.
اقدر اعرف هل يمكن متابعة طلب الترميم أو التعقيم أو التجليد بعد تقديمه؟,جواب: يمكن للمستخدم متابعة حالة الطلبات من خلال جدول الطلبات الذي يظهر فيه مجموعة من الحقول مثل رقم الطلب، التاريخ، مقدم الطلب، حالة الطلب، وزر لمطالعة الطلب.
هل يمكن متابعة طلب الترميم أو التعقيم أو التجليد بعد تقديمه؟,جواب: يمكن للمستخدم متابعة حالة الطلبات من خلال جدول الطلبات الذي يظهر فيه مجموعة من الحقول مثل رقم الطلب، التاريخ، مقدم الطلب، حالة الطلب، وزر لمطالعة الطلب.
ممكن تفهمني هل يمكن متابعة طلب الترميم او التعقيم او التجليد بعد تقديمه؟,جواب: يمكن للمستخدم متابعة حالة الطلبات من خلال جدول الطلبات الذي يظهر فيه مجموعة من الحقول مثل رقم الطلب، التاريخ، مقدم الطلب، حالة الطلب، وزر لمطالعة الطلب.
ابي افهم هل يمكن متابعه طلب الترميم او التعقيم او التجليد بعد تقديمه؟,جواب: يمكن للمستخدم متابعة حالة الطلبات من خلال جدول الطلبات الذي يظهر فيه مجموعة من الحقول مثل رقم الطلب، التاريخ، مقدم الطلب، حالة الطلب، وزر لمطالعة الطلب.
اقدر اعرف هل يمكن متابعه طلب الترميم أو التعقيم أو التجليد بعد تقديمه؟,جواب: يمكن للمستخدم متابعة حالة الطلبات من خلال جدول الطلبات الذي يظهر فيه مجموعة من الحقول مثل رقم الطلب، التاريخ، مقدم الطلب، حالة الطلب، وزر لمطالعة الطلب.
وش تقصدون بـ هل يمكن متابعة طلب الترميم أو التعقيم أو التجليد بعد تقديمه؟,جواب: يمكن للمستخدم متابعة حالة الطلبات من خلال جدول الطلبات الذي يظهر فيه مجموعة من الحقول مثل رقم الطلب، التاريخ، مقدم الطلب، حالة الطلب، وزر لمطالعة الطلب.
وش يعني ماذا افعل بعد ان يتم قبول طلب الترميم او التعقيم او التجليد؟,جواب: بعد استلام إشعار بقبول الطلب، يجب على المستخدم النهائي الانتظار لتحديد موعد المعاينة من قبل موظف المعاينة، ثم دفع التكلفة المحددة لاستكمال الإجراءات.
ابي اعرف عن ماذا أفعل بعد أن يتم قبول طلب الترميم أو التعقيم أو التجليد؟,جواب: بعد استلام إشعار بقبول الطلب، يجب على المستخدم النهائي الانتظار لتحديد موعد المعاينة من قبل موظف المعاينة، ثم دفع التكلفة المحددة لاستكمال الإجراءات.
كيف يعني ماذا أفعل بعد أن يتم قبول طلب الترميم أو التعقيم أو التجليد؟,جواب: بعد استلام إشعار بقبول الطلب، يجب على المستخدم النهائي الانتظار لتحديد موعد المعاينة من قبل موظف المعاينة، ثم دفع التكلفة المحددة لاستكمال الإجراءات.
وش الهدف من ماذا أفعل بعد أن يتم قبول طلب الترميم أو التعقيم أو التجليد؟,جواب: بعد استلام إشعار بقبول الطلب، يجب على المستخدم النهائي الانتظار لتحديد موعد المعاينة من قبل موظف المعاينة، ثم دفع التكلفة المحددة لاستكمال الإجراءات.
ماذا أفعل بعد أن يتم قبول طلب الترميم أو التعقيم أو التجليد؟,جواب: بعد استلام إشعار بقبول الطلب، يجب على المستخدم النهائي الانتظار لتحديد موعد المعاينة من قبل موظف المعاينة، ثم دفع التكلفة المحددة لاستكمال الإجراءات.
هل المقصود بـ ماذا افعل بعد ان يتم قبول طلب الترميم او التعقيم او التجليد هو شي محدد؟,جواب: بعد استلام إشعار بقبول الطلب، يجب على المستخدم النهائي الانتظار لتحديد موعد المعاينة من قبل موظف المعاينة، ثم دفع التكلفة المحددة لاستكمال الإجراءات.
ممكن تفهمني ماذا افعل بعد ان يتم قبول طلب الترميم او التعقيم او التجليد؟,جواب: بعد استلام إشعار بقبول الطلب، يجب على المستخدم النهائي الانتظار لتحديد موعد المعاينة من قبل موظف المعاينة، ثم دفع التكلفة المحددة لاستكمال الإجراءات.
ابي اعرف عن ماذا افعل بعد ان يتم قبول طلب الترميم او التعقيم او التجليد؟,جواب: بعد استلام إشعار بقبول الطلب، يجب على المستخدم النهائي الانتظار لتحديد موعد المعاينة من قبل موظف المعاينة، ثم دفع التكلفة المحددة لاستكمال الإجراءات.
اقدر اعرف كيف أتابع حاله طلب الترميم أو التعقيم او التجليد؟,جواب: يمكن للمستخدم متابعة حالة الطلبات من خلال جدول الطلبات الذي يظهر فيه مجموعة من الحقول مثل رقم الطلب، التاريخ، مقدم الطلب، حالة الطلب، وزر لمطالعة الطلب.
كيف أتابع حالة طلب الترميم أو التعقيم او التجليد؟,جواب: يمكن للمستخدم متابعة حالة الطلبات من خلال جدول الطلبات الذي يظهر فيه مجموعة من الحقول مثل رقم الطلب، التاريخ، مقدم الطلب، حالة الطلب، وزر لمطالعة الطلب.
ابي افهم كيف اتابع حاله طلب الترميم او التعقيم او التجليد؟,جواب: يمكن للمستخدم متابعة حالة الطلبات من خلال جدول الطلبات الذي يظهر فيه مجموعة من الحقول مثل رقم الطلب، التاريخ، مقدم الطلب، حالة الطلب، وزر لمطالعة الطلب.
اقدر اعرف كيف أتابع حالة طلب الترميم أو التعقيم او التجليد؟,جواب: يمكن للمستخدم متابعة حالة الطلبات من خلال جدول الطلبات الذي يظهر فيه مجموعة من الحقول مثل رقم الطلب، التاريخ، مقدم الطلب، حالة الطلب، وزر لمطالعة الطلب.
ممكن تقول لي وش يعني كيف أتابع حاله طلب الترميم أو التعقيم او التجليد؟,جواب: يمكن للمستخدم متابعة حالة الطلبات من خلال جدول الطلبات الذي يظهر فيه مجموعة من الحقول مثل رقم الطلب، التاريخ، مقدم الطلب، حالة الطلب، وزر لمطالعة الطلب.
وش السالفه بـ كيف اتابع حالة طلب الترميم او التعقيم او التجليد؟,جواب: يمكن للمستخدم متابعة حالة الطلبات من خلال جدول الطلبات الذي يظهر فيه مجموعة من الحقول مثل رقم الطلب، التاريخ، مقدم الطلب، حالة الطلب، وزر لمطالعة الطلب.
ابي اعرف عن كيف اتابع حالة طلب الترميم او التعقيم او التجليد؟,جواب: يمكن للمستخدم متابعة حالة الطلبات من خلال جدول الطلبات الذي يظهر فيه مجموعة من الحقول مثل رقم الطلب، التاريخ، مقدم الطلب، حالة الطلب، وزر لمطالعة الطلب.
ابي افهم كيف أتابع حاله طلب الترميم أو التعقيم او التجليد؟,جواب: يمكن للمستخدم متابعة حالة الطلبات من خلال جدول الطلبات الذي يظهر فيه مجموعة من الحقول مثل رقم الطلب، التاريخ، مقدم الطلب، حالة الطلب، وزر لمطالعة الطلب.
اقدر اعرف هل يمكنني فحص المقتنى أو المخطوطه قبل بدء المعالجه لخدمات الترميم أو التعقيم أو التجليد؟,جواب: يستطيع المستخدم مراجعة واتخاذ قرار بخصوص الخدمة المقدمة.  طلب حجز قاعة:
ممكن تقول لي وش يعني هل يمكنني فحص المقتنى او المخطوطة قبل بدء المعالجة لخدمات الترميم او التعقيم او التجليد؟,جواب: يستطيع المستخدم مراجعة واتخاذ قرار بخصوص الخدمة المقدمة.  طلب حجز قاعة:
كيف يعني هل يمكنني فحص المقتنى أو المخطوطة قبل بدء المعالجة لخدمات الترميم أو التعقيم أو التجليد؟,جواب: يستطيع المستخدم مراجعة واتخاذ قرار بخصوص الخدمة المقدمة.  طلب حجز قاعة:
هل يمكنني فحص المقتنى أو المخطوطة قبل بدء المعالجة لخدمات الترميم أو التعقيم أو التجليد؟,جواب: يستطيع المستخدم مراجعة واتخاذ قرار بخصوص الخدمة المقدمة.  طلب حجز قاعة:
اقدر اعرف هل يمكنني فحص المقتنى او المخطوطة قبل بدء المعالجة لخدمات الترميم او التعقيم او التجليد؟,جواب: يستطيع المستخدم مراجعة واتخاذ قرار بخصوص الخدمة المقدمة.  طلب حجز قاعة:
ممكن تفهمني هل يمكنني فحص المقتنى أو المخطوطة قبل بدء المعالجة لخدمات الترميم أو التعقيم أو التجليد؟,جواب: يستطيع المستخدم مراجعة واتخاذ قرار بخصوص الخدمة المقدمة.  طلب حجز قاعة:
ممكن تفهمني هل يمكنني فحص المقتنى او المخطوطة قبل بدء المعالجة لخدمات الترميم او التعقيم او التجليد؟,جواب: يستطيع المستخدم مراجعة واتخاذ قرار بخصوص الخدمة المقدمة.  طلب حجز قاعة:
كيف يعني هل يمكنني فحص المقتنى او المخطوطة قبل بدء المعالجة لخدمات الترميم او التعقيم او التجليد؟,جواب: يستطيع المستخدم مراجعة واتخاذ قرار بخصوص الخدمة المقدمة.  طلب حجز قاعة:
وش تقصدون بـ ما طبيعه خدمه حجز القاعات؟,جواب: خدمة حجز القاعة تتيح للمستخدمين إمكانية حجز قاعات مثل خلوة الباحث وقاعة التدريب للاستخدامات المختلفة وتهدف الخدمة إلى تسهيل عملية حجز القاعات، تنظيم المواعيد، وضمان توفر القاعات للاستخدام عند الحاجة.
ممكن تفهمني ما طبيعة خدمة حجز القاعات؟,جواب: خدمة حجز القاعة تتيح للمستخدمين إمكانية حجز قاعات مثل خلوة الباحث وقاعة التدريب للاستخدامات المختلفة وتهدف الخدمة إلى تسهيل عملية حجز القاعات، تنظيم المواعيد، وضمان توفر القاعات للاستخدام عند الحاجة.
اقدر اعرف ما طبيعه خدمه حجز القاعات؟,جواب: خدمة حجز القاعة تتيح للمستخدمين إمكانية حجز قاعات مثل خلوة الباحث وقاعة التدريب للاستخدامات المختلفة وتهدف الخدمة إلى تسهيل عملية حجز القاعات، تنظيم المواعيد، وضمان توفر القاعات للاستخدام عند الحاجة.
كيف يعني ما طبيعة خدمة حجز القاعات؟,جواب: خدمة حجز القاعة تتيح للمستخدمين إمكانية حجز قاعات مثل خلوة الباحث وقاعة التدريب للاستخدامات المختلفة وتهدف الخدمة إلى تسهيل عملية حجز القاعات، تنظيم المواعيد، وضمان توفر القاعات للاستخدام عند الحاجة.
ما طبيعة خدمة حجز القاعات؟,جواب: خدمة حجز القاعة تتيح للمستخدمين إمكانية حجز قاعات مثل خلوة الباحث وقاعة التدريب للاستخدامات المختلفة وتهدف الخدمة إلى تسهيل عملية حجز القاعات، تنظيم المواعيد، وضمان توفر القاعات للاستخدام عند الحاجة.
هل المقصود بـ ما طبيعة خدمة حجز القاعات هو شي محدد؟,جواب: خدمة حجز القاعة تتيح للمستخدمين إمكانية حجز قاعات مثل خلوة الباحث وقاعة التدريب للاستخدامات المختلفة وتهدف الخدمة إلى تسهيل عملية حجز القاعات، تنظيم المواعيد، وضمان توفر القاعات للاستخدام عند الحاجة.
لو تقدر تشرحلي ما طبيعه خدمه حجز القاعات؟,جواب: خدمة حجز القاعة تتيح للمستخدمين إمكانية حجز قاعات مثل خلوة الباحث وقاعة التدريب للاستخدامات المختلفة وتهدف الخدمة إلى تسهيل عملية حجز القاعات، تنظيم المواعيد، وضمان توفر القاعات للاستخدام عند الحاجة.
وش يعني ما طبيعه خدمه حجز القاعات؟,جواب: خدمة حجز القاعة تتيح للمستخدمين إمكانية حجز قاعات مثل خلوة الباحث وقاعة التدريب للاستخدامات المختلفة وتهدف الخدمة إلى تسهيل عملية حجز القاعات، تنظيم المواعيد، وضمان توفر القاعات للاستخدام عند الحاجة.
من الجهات أو الأفراد الذين يمكنهم حجز قاعة؟,جواب: المستفيدون من الخدمة هم الأفراد والجهات الذين يحتاجون إلى حجز قاعات للاجتماعات، ورش العمل، أو الفعاليات ، حيث يمكن تقديم طلب من خلال تعبئة النموذج الخاص بحجز القاعة على المنصة، وتحديد الموعد والمعلومات المطلوبة. 
ممكن تقول لي وش يعني من الجهات او الافراد الذين يمكنهم حجز قاعه؟,جواب: المستفيدون من الخدمة هم الأفراد والجهات الذين يحتاجون إلى حجز قاعات للاجتماعات، ورش العمل، أو الفعاليات ، حيث يمكن تقديم طلب من خلال تعبئة النموذج الخاص بحجز القاعة على المنصة، وتحديد الموعد والمعلومات المطلوبة. 
وش يعني من الجهات أو الأفراد الذين يمكنهم حجز قاعه؟,جواب: المستفيدون من الخدمة هم الأفراد والجهات الذين يحتاجون إلى حجز قاعات للاجتماعات، ورش العمل، أو الفعاليات ، حيث يمكن تقديم طلب من خلال تعبئة النموذج الخاص بحجز القاعة على المنصة، وتحديد الموعد والمعلومات المطلوبة. 
وش الهدف من من الجهات او الافراد الذين يمكنهم حجز قاعة؟,جواب: المستفيدون من الخدمة هم الأفراد والجهات الذين يحتاجون إلى حجز قاعات للاجتماعات، ورش العمل، أو الفعاليات ، حيث يمكن تقديم طلب من خلال تعبئة النموذج الخاص بحجز القاعة على المنصة، وتحديد الموعد والمعلومات المطلوبة. 
لو تقدر تشرحلي من الجهات او الافراد الذين يمكنهم حجز قاعه؟,جواب: المستفيدون من الخدمة هم الأفراد والجهات الذين يحتاجون إلى حجز قاعات للاجتماعات، ورش العمل، أو الفعاليات ، حيث يمكن تقديم طلب من خلال تعبئة النموذج الخاص بحجز القاعة على المنصة، وتحديد الموعد والمعلومات المطلوبة. 
ابي اعرف عن من الجهات او الافراد الذين يمكنهم حجز قاعه؟,جواب: المستفيدون من الخدمة هم الأفراد والجهات الذين يحتاجون إلى حجز قاعات للاجتماعات، ورش العمل، أو الفعاليات ، حيث يمكن تقديم طلب من خلال تعبئة النموذج الخاص بحجز القاعة على المنصة، وتحديد الموعد والمعلومات المطلوبة. 
وش يعني من الجهات او الافراد الذين يمكنهم حجز قاعة؟,جواب: المستفيدون من الخدمة هم الأفراد والجهات الذين يحتاجون إلى حجز قاعات للاجتماعات، ورش العمل، أو الفعاليات ، حيث يمكن تقديم طلب من خلال تعبئة النموذج الخاص بحجز القاعة على المنصة، وتحديد الموعد والمعلومات المطلوبة. 
تقدر تشرح لي موضوع من الجهات او الافراد الذين يمكنهم حجز قاعه؟,جواب: المستفيدون من الخدمة هم الأفراد والجهات الذين يحتاجون إلى حجز قاعات للاجتماعات، ورش العمل، أو الفعاليات ، حيث يمكن تقديم طلب من خلال تعبئة النموذج الخاص بحجز القاعة على المنصة، وتحديد الموعد والمعلومات المطلوبة. 
كيف يعني كيف اقوم بتقديم طلب حجز قاعه؟,جواب: يمكن للمستخدم تقديم طلب من خلال تعبئة النموذج الخاص بحجز القاعة على المنصة، وتحديد الموعد والمعلومات المطلوبة. يجب على المستخدم تقديم معلومات مثل الاسم الكامل، البريد الإلكتروني، رقم الهاتف، نوع القاعة المطلوبة، تاريخ ووقت الحجز، وأي ملاحظات إضافية.  
كيف أقوم بتقديم طلب حجز قاعة؟,جواب: يمكن للمستخدم تقديم طلب من خلال تعبئة النموذج الخاص بحجز القاعة على المنصة، وتحديد الموعد والمعلومات المطلوبة. يجب على المستخدم تقديم معلومات مثل الاسم الكامل، البريد الإلكتروني، رقم الهاتف، نوع القاعة المطلوبة، تاريخ ووقت الحجز، وأي ملاحظات إضافية.  
وش المقصود بـ كيف أقوم بتقديم طلب حجز قاعه؟,جواب: يمكن للمستخدم تقديم طلب من خلال تعبئة النموذج الخاص بحجز القاعة على المنصة، وتحديد الموعد والمعلومات المطلوبة. يجب على المستخدم تقديم معلومات مثل الاسم الكامل، البريد الإلكتروني، رقم الهاتف، نوع القاعة المطلوبة، تاريخ ووقت الحجز، وأي ملاحظات إضافية.  
اقدر اعرف كيف أقوم بتقديم طلب حجز قاعه؟,جواب: يمكن للمستخدم تقديم طلب من خلال تعبئة النموذج الخاص بحجز القاعة على المنصة، وتحديد الموعد والمعلومات المطلوبة. يجب على المستخدم تقديم معلومات مثل الاسم الكامل، البريد الإلكتروني، رقم الهاتف، نوع القاعة المطلوبة، تاريخ ووقت الحجز، وأي ملاحظات إضافية.  
وش الهدف من كيف أقوم بتقديم طلب حجز قاعة؟,جواب: يمكن للمستخدم تقديم طلب من خلال تعبئة النموذج الخاص بحجز القاعة على المنصة، وتحديد الموعد والمعلومات المطلوبة. يجب على المستخدم تقديم معلومات مثل الاسم الكامل، البريد الإلكتروني، رقم الهاتف، نوع القاعة المطلوبة، تاريخ ووقت الحجز، وأي ملاحظات إضافية.  
ابي اعرف عن كيف اقوم بتقديم طلب حجز قاعه؟,جواب: يمكن للمستخدم تقديم طلب من خلال تعبئة النموذج الخاص بحجز القاعة على المنصة، وتحديد الموعد والمعلومات المطلوبة. يجب على المستخدم تقديم معلومات مثل الاسم الكامل، البريد الإلكتروني، رقم الهاتف، نوع القاعة المطلوبة، تاريخ ووقت الحجز، وأي ملاحظات إضافية.  
ابي اعرف عن كيف اقوم بتقديم طلب حجز قاعة؟,جواب: يمكن للمستخدم تقديم طلب من خلال تعبئة النموذج الخاص بحجز القاعة على المنصة، وتحديد الموعد والمعلومات المطلوبة. يجب على المستخدم تقديم معلومات مثل الاسم الكامل، البريد الإلكتروني، رقم الهاتف، نوع القاعة المطلوبة، تاريخ ووقت الحجز، وأي ملاحظات إضافية.  
وش تقصدون بـ كيف أقوم بتقديم طلب حجز قاعة؟,جواب: يمكن للمستخدم تقديم طلب من خلال تعبئة النموذج الخاص بحجز القاعة على المنصة، وتحديد الموعد والمعلومات المطلوبة. يجب على المستخدم تقديم معلومات مثل الاسم الكامل، البريد الإلكتروني، رقم الهاتف، نوع القاعة المطلوبة، تاريخ ووقت الحجز، وأي ملاحظات إضافية.  
ابي افهم ما الآليه التي تُتبع لتقييم طلب الحجز؟,"جواب: يتم تقييم الطلبات من قبل موظف المجمع الذي يقوم بمراجعة الطلب وتحديد المواعيد المتاحة والتكلفة. كما يمكن للمستخدم متابعة حالة الطلب من خلال جدول الطلبات الخاص به، حيث يظهر فيه حالة الطلب (مثل ""جديد""، ""تحت الإجراء""، ""تم التعديل""، إلخ)"
ما الآلية التي تُتبع لتقييم طلب الحجز؟,"جواب: يتم تقييم الطلبات من قبل موظف المجمع الذي يقوم بمراجعة الطلب وتحديد المواعيد المتاحة والتكلفة. كما يمكن للمستخدم متابعة حالة الطلب من خلال جدول الطلبات الخاص به، حيث يظهر فيه حالة الطلب (مثل ""جديد""، ""تحت الإجراء""، ""تم التعديل""، إلخ)"
ابي اعرف عن ما الآليه التي تُتبع لتقييم طلب الحجز؟,"جواب: يتم تقييم الطلبات من قبل موظف المجمع الذي يقوم بمراجعة الطلب وتحديد المواعيد المتاحة والتكلفة. كما يمكن للمستخدم متابعة حالة الطلب من خلال جدول الطلبات الخاص به، حيث يظهر فيه حالة الطلب (مثل ""جديد""، ""تحت الإجراء""، ""تم التعديل""، إلخ)"
لو تقدر تشرحلي ما الآلية التي تُتبع لتقييم طلب الحجز؟,"جواب: يتم تقييم الطلبات من قبل موظف المجمع الذي يقوم بمراجعة الطلب وتحديد المواعيد المتاحة والتكلفة. كما يمكن للمستخدم متابعة حالة الطلب من خلال جدول الطلبات الخاص به، حيث يظهر فيه حالة الطلب (مثل ""جديد""، ""تحت الإجراء""، ""تم التعديل""، إلخ)"
وش المقصود بـ ما الآلية التي تُتبع لتقييم طلب الحجز؟,"جواب: يتم تقييم الطلبات من قبل موظف المجمع الذي يقوم بمراجعة الطلب وتحديد المواعيد المتاحة والتكلفة. كما يمكن للمستخدم متابعة حالة الطلب من خلال جدول الطلبات الخاص به، حيث يظهر فيه حالة الطلب (مثل ""جديد""، ""تحت الإجراء""، ""تم التعديل""، إلخ)"
وش الهدف من ما الآليه التي تُتبع لتقييم طلب الحجز؟,"جواب: يتم تقييم الطلبات من قبل موظف المجمع الذي يقوم بمراجعة الطلب وتحديد المواعيد المتاحة والتكلفة. كما يمكن للمستخدم متابعة حالة الطلب من خلال جدول الطلبات الخاص به، حيث يظهر فيه حالة الطلب (مثل ""جديد""، ""تحت الإجراء""، ""تم التعديل""، إلخ)"
وش المقصود بـ ما الآليه التي تُتبع لتقييم طلب الحجز؟,"جواب: يتم تقييم الطلبات من قبل موظف المجمع الذي يقوم بمراجعة الطلب وتحديد المواعيد المتاحة والتكلفة. كما يمكن للمستخدم متابعة حالة الطلب من خلال جدول الطلبات الخاص به، حيث يظهر فيه حالة الطلب (مثل ""جديد""، ""تحت الإجراء""، ""تم التعديل""، إلخ)"
اقدر اعرف ما الآلية التي تُتبع لتقييم طلب الحجز؟,"جواب: يتم تقييم الطلبات من قبل موظف المجمع الذي يقوم بمراجعة الطلب وتحديد المواعيد المتاحة والتكلفة. كما يمكن للمستخدم متابعة حالة الطلب من خلال جدول الطلبات الخاص به، حيث يظهر فيه حالة الطلب (مثل ""جديد""، ""تحت الإجراء""، ""تم التعديل""، إلخ)"
ممكن تفهمني كيف اعرف إذا تم اعتماد طلب حجز قاعة؟,جواب: يمكن للمستخدم متابعة حالة الطلبات من خلال جدول الطلبات الذي يظهر فيه مجموعة من الحقول مثل رقم الطلب، التاريخ، مقدم الطلب، حالة الطلب، وزر لمطالعة الطلب. طلب استشارة بحثية:
ابي اعرف عن كيف أعرف إذا تم اعتماد طلب حجز قاعه؟,جواب: يمكن للمستخدم متابعة حالة الطلبات من خلال جدول الطلبات الذي يظهر فيه مجموعة من الحقول مثل رقم الطلب، التاريخ، مقدم الطلب، حالة الطلب، وزر لمطالعة الطلب. طلب استشارة بحثية:
وش الهدف من كيف أعرف إذا تم اعتماد طلب حجز قاعة؟,جواب: يمكن للمستخدم متابعة حالة الطلبات من خلال جدول الطلبات الذي يظهر فيه مجموعة من الحقول مثل رقم الطلب، التاريخ، مقدم الطلب، حالة الطلب، وزر لمطالعة الطلب. طلب استشارة بحثية:
وش الهدف من كيف اعرف إذا تم اعتماد طلب حجز قاعه؟,جواب: يمكن للمستخدم متابعة حالة الطلبات من خلال جدول الطلبات الذي يظهر فيه مجموعة من الحقول مثل رقم الطلب، التاريخ، مقدم الطلب، حالة الطلب، وزر لمطالعة الطلب. طلب استشارة بحثية:
كيف أعرف إذا تم اعتماد طلب حجز قاعة؟,جواب: يمكن للمستخدم متابعة حالة الطلبات من خلال جدول الطلبات الذي يظهر فيه مجموعة من الحقول مثل رقم الطلب، التاريخ، مقدم الطلب، حالة الطلب، وزر لمطالعة الطلب. طلب استشارة بحثية:
تقدر تشرح لي موضوع كيف اعرف إذا تم اعتماد طلب حجز قاعه؟,جواب: يمكن للمستخدم متابعة حالة الطلبات من خلال جدول الطلبات الذي يظهر فيه مجموعة من الحقول مثل رقم الطلب، التاريخ، مقدم الطلب، حالة الطلب، وزر لمطالعة الطلب. طلب استشارة بحثية:
وش الهدف من كيف اعرف إذا تم اعتماد طلب حجز قاعة؟,جواب: يمكن للمستخدم متابعة حالة الطلبات من خلال جدول الطلبات الذي يظهر فيه مجموعة من الحقول مثل رقم الطلب، التاريخ، مقدم الطلب، حالة الطلب، وزر لمطالعة الطلب. طلب استشارة بحثية:
هل المقصود بـ كيف اعرف إذا تم اعتماد طلب حجز قاعه هو شي محدد؟,جواب: يمكن للمستخدم متابعة حالة الطلبات من خلال جدول الطلبات الذي يظهر فيه مجموعة من الحقول مثل رقم الطلب، التاريخ، مقدم الطلب، حالة الطلب، وزر لمطالعة الطلب. طلب استشارة بحثية:
تقدر تشرح لي موضوع ما الذي تقدمه خدمه الاستشاره البحثيه؟,جواب: خدمة الاستشارة البحثية تهدف إلى تقديم الدعم والمشورة للباحثين في مجالات البحث المختلفة، بما في ذلك توجيههم نحو المصادر والمعلومات اللازمة لإجراء أبحاثهم ، تقديم المشورة حول منهجيات البحث.
ممكن تفهمني ما الذي تقدمه خدمة الاستشارة البحثية؟,جواب: خدمة الاستشارة البحثية تهدف إلى تقديم الدعم والمشورة للباحثين في مجالات البحث المختلفة، بما في ذلك توجيههم نحو المصادر والمعلومات اللازمة لإجراء أبحاثهم ، تقديم المشورة حول منهجيات البحث.
ابي اعرف عن ما الذي تقدمه خدمة الاستشارة البحثية؟,جواب: خدمة الاستشارة البحثية تهدف إلى تقديم الدعم والمشورة للباحثين في مجالات البحث المختلفة، بما في ذلك توجيههم نحو المصادر والمعلومات اللازمة لإجراء أبحاثهم ، تقديم المشورة حول منهجيات البحث.
وش السالفه بـ ما الذي تقدمه خدمة الاستشارة البحثية؟,جواب: خدمة الاستشارة البحثية تهدف إلى تقديم الدعم والمشورة للباحثين في مجالات البحث المختلفة، بما في ذلك توجيههم نحو المصادر والمعلومات اللازمة لإجراء أبحاثهم ، تقديم المشورة حول منهجيات البحث.
وش الهدف من ما الذي تقدمه خدمة الاستشارة البحثية؟,جواب: خدمة الاستشارة البحثية تهدف إلى تقديم الدعم والمشورة للباحثين في مجالات البحث المختلفة، بما في ذلك توجيههم نحو المصادر والمعلومات اللازمة لإجراء أبحاثهم ، تقديم المشورة حول منهجيات البحث.
ممكن تقول لي وش يعني ما الذي تقدمه خدمة الاستشارة البحثية؟,جواب: خدمة الاستشارة البحثية تهدف إلى تقديم الدعم والمشورة للباحثين في مجالات البحث المختلفة، بما في ذلك توجيههم نحو المصادر والمعلومات اللازمة لإجراء أبحاثهم ، تقديم المشورة حول منهجيات البحث.
لو تقدر تشرحلي ما الذي تقدمه خدمة الاستشارة البحثية؟,جواب: خدمة الاستشارة البحثية تهدف إلى تقديم الدعم والمشورة للباحثين في مجالات البحث المختلفة، بما في ذلك توجيههم نحو المصادر والمعلومات اللازمة لإجراء أبحاثهم ، تقديم المشورة حول منهجيات البحث.
ما الذي تقدمه خدمة الاستشارة البحثية؟,جواب: خدمة الاستشارة البحثية تهدف إلى تقديم الدعم والمشورة للباحثين في مجالات البحث المختلفة، بما في ذلك توجيههم نحو المصادر والمعلومات اللازمة لإجراء أبحاثهم ، تقديم المشورة حول منهجيات البحث.
ابي افهم من هم المؤهلون للاستفادة من خدمة الاستشارة البحثية؟,جواب: المستفيدون من الخدمة هم الباحثون، الطلاب، الأكاديميون، والممارسون في مجالات البحث المختلفة
هل المقصود بـ من هم المؤهلون للاستفادة من خدمة الاستشارة البحثية هو شي محدد؟,جواب: المستفيدون من الخدمة هم الباحثون، الطلاب، الأكاديميون، والممارسون في مجالات البحث المختلفة
وش الهدف من من هم المؤهلون للاستفادة من خدمة الاستشارة البحثية؟,جواب: المستفيدون من الخدمة هم الباحثون، الطلاب، الأكاديميون، والممارسون في مجالات البحث المختلفة
ابي افهم من هم المؤهلون للاستفاده من خدمه الاستشاره البحثيه؟,جواب: المستفيدون من الخدمة هم الباحثون، الطلاب، الأكاديميون، والممارسون في مجالات البحث المختلفة
من هم المؤهلون للاستفادة من خدمة الاستشارة البحثية؟,جواب: المستفيدون من الخدمة هم الباحثون، الطلاب، الأكاديميون، والممارسون في مجالات البحث المختلفة
وش المقصود بـ من هم المؤهلون للاستفاده من خدمه الاستشاره البحثيه؟,جواب: المستفيدون من الخدمة هم الباحثون، الطلاب، الأكاديميون، والممارسون في مجالات البحث المختلفة
وش الهدف من من هم المؤهلون للاستفاده من خدمه الاستشاره البحثيه؟,جواب: المستفيدون من الخدمة هم الباحثون، الطلاب، الأكاديميون، والممارسون في مجالات البحث المختلفة
لو تقدر تشرحلي من هم المؤهلون للاستفاده من خدمه الاستشاره البحثيه؟,جواب: المستفيدون من الخدمة هم الباحثون، الطلاب، الأكاديميون، والممارسون في مجالات البحث المختلفة
وش الهدف من كيف يمكنني طلب استشارة بحثية؟,جواب: يمكن للمستخدم تقديم طلب من خلال تعبئة النموذج الخاص بخدمة الاستشارة البحثية على المنصة، وتقديم المعلومات المطلوبة حول موضوع البحث. يجب على المستخدم تقديم معلومات مثل الاسم الكامل، البريد الإلكتروني، رقم الهاتف، موضوع البحث، وأي تفاصيل إضافية ذات صلة
كيف يمكنني طلب استشارة بحثية؟,جواب: يمكن للمستخدم تقديم طلب من خلال تعبئة النموذج الخاص بخدمة الاستشارة البحثية على المنصة، وتقديم المعلومات المطلوبة حول موضوع البحث. يجب على المستخدم تقديم معلومات مثل الاسم الكامل، البريد الإلكتروني، رقم الهاتف، موضوع البحث، وأي تفاصيل إضافية ذات صلة
ابي افهم كيف يمكنني طلب استشاره بحثيه؟,جواب: يمكن للمستخدم تقديم طلب من خلال تعبئة النموذج الخاص بخدمة الاستشارة البحثية على المنصة، وتقديم المعلومات المطلوبة حول موضوع البحث. يجب على المستخدم تقديم معلومات مثل الاسم الكامل، البريد الإلكتروني، رقم الهاتف، موضوع البحث، وأي تفاصيل إضافية ذات صلة
وش تقصدون بـ كيف يمكنني طلب استشاره بحثيه؟,جواب: يمكن للمستخدم تقديم طلب من خلال تعبئة النموذج الخاص بخدمة الاستشارة البحثية على المنصة، وتقديم المعلومات المطلوبة حول موضوع البحث. يجب على المستخدم تقديم معلومات مثل الاسم الكامل، البريد الإلكتروني، رقم الهاتف، موضوع البحث، وأي تفاصيل إضافية ذات صلة
ممكن تقول لي وش يعني كيف يمكنني طلب استشارة بحثية؟,جواب: يمكن للمستخدم تقديم طلب من خلال تعبئة النموذج الخاص بخدمة الاستشارة البحثية على المنصة، وتقديم المعلومات المطلوبة حول موضوع البحث. يجب على المستخدم تقديم معلومات مثل الاسم الكامل، البريد الإلكتروني، رقم الهاتف، موضوع البحث، وأي تفاصيل إضافية ذات صلة
تقدر تشرح لي موضوع كيف يمكنني طلب استشاره بحثيه؟,جواب: يمكن للمستخدم تقديم طلب من خلال تعبئة النموذج الخاص بخدمة الاستشارة البحثية على المنصة، وتقديم المعلومات المطلوبة حول موضوع البحث. يجب على المستخدم تقديم معلومات مثل الاسم الكامل، البريد الإلكتروني، رقم الهاتف، موضوع البحث، وأي تفاصيل إضافية ذات صلة
وش يعني كيف يمكنني طلب استشارة بحثية؟,جواب: يمكن للمستخدم تقديم طلب من خلال تعبئة النموذج الخاص بخدمة الاستشارة البحثية على المنصة، وتقديم المعلومات المطلوبة حول موضوع البحث. يجب على المستخدم تقديم معلومات مثل الاسم الكامل، البريد الإلكتروني، رقم الهاتف، موضوع البحث، وأي تفاصيل إضافية ذات صلة
وش السالفه بـ كيف يمكنني طلب استشارة بحثية؟,جواب: يمكن للمستخدم تقديم طلب من خلال تعبئة النموذج الخاص بخدمة الاستشارة البحثية على المنصة، وتقديم المعلومات المطلوبة حول موضوع البحث. يجب على المستخدم تقديم معلومات مثل الاسم الكامل، البريد الإلكتروني، رقم الهاتف، موضوع البحث، وأي تفاصيل إضافية ذات صلة
لو تقدر تشرحلي كيف يتم تقييم الطلبات المرسله لخدمه الاستشاره البحثيه؟,جواب: يتم تقييم الطلبات من قبل موظف مختص يقوم بمراجعة الطلب وتحديد مدى إمكانية تقديم الاستشارة بناءً على الموضوع والمعلومات المقدمة ، إذا تم رفض الطلب، يتم إشعار مقدم الطلب بالرفض مع ذكر الأسباب، ويمكنه تعديل الطلب وفقًا للملاحظات وإعادة تقديمه .
لو تقدر تشرحلي كيف يتم تقييم الطلبات المرسلة لخدمة الاستشارة البحثية؟,جواب: يتم تقييم الطلبات من قبل موظف مختص يقوم بمراجعة الطلب وتحديد مدى إمكانية تقديم الاستشارة بناءً على الموضوع والمعلومات المقدمة ، إذا تم رفض الطلب، يتم إشعار مقدم الطلب بالرفض مع ذكر الأسباب، ويمكنه تعديل الطلب وفقًا للملاحظات وإعادة تقديمه .
كيف يتم تقييم الطلبات المرسلة لخدمة الاستشارة البحثية؟,جواب: يتم تقييم الطلبات من قبل موظف مختص يقوم بمراجعة الطلب وتحديد مدى إمكانية تقديم الاستشارة بناءً على الموضوع والمعلومات المقدمة ، إذا تم رفض الطلب، يتم إشعار مقدم الطلب بالرفض مع ذكر الأسباب، ويمكنه تعديل الطلب وفقًا للملاحظات وإعادة تقديمه .
وش تقصدون بـ كيف يتم تقييم الطلبات المرسله لخدمه الاستشاره البحثيه؟,جواب: يتم تقييم الطلبات من قبل موظف مختص يقوم بمراجعة الطلب وتحديد مدى إمكانية تقديم الاستشارة بناءً على الموضوع والمعلومات المقدمة ، إذا تم رفض الطلب، يتم إشعار مقدم الطلب بالرفض مع ذكر الأسباب، ويمكنه تعديل الطلب وفقًا للملاحظات وإعادة تقديمه .
وش المقصود بـ كيف يتم تقييم الطلبات المرسله لخدمه الاستشاره البحثيه؟,جواب: يتم تقييم الطلبات من قبل موظف مختص يقوم بمراجعة الطلب وتحديد مدى إمكانية تقديم الاستشارة بناءً على الموضوع والمعلومات المقدمة ، إذا تم رفض الطلب، يتم إشعار مقدم الطلب بالرفض مع ذكر الأسباب، ويمكنه تعديل الطلب وفقًا للملاحظات وإعادة تقديمه .
تقدر تشرح لي موضوع كيف يتم تقييم الطلبات المرسلة لخدمة الاستشارة البحثية؟,جواب: يتم تقييم الطلبات من قبل موظف مختص يقوم بمراجعة الطلب وتحديد مدى إمكانية تقديم الاستشارة بناءً على الموضوع والمعلومات المقدمة ، إذا تم رفض الطلب، يتم إشعار مقدم الطلب بالرفض مع ذكر الأسباب، ويمكنه تعديل الطلب وفقًا للملاحظات وإعادة تقديمه .
وش تقصدون بـ كيف يتم تقييم الطلبات المرسلة لخدمة الاستشارة البحثية؟,جواب: يتم تقييم الطلبات من قبل موظف مختص يقوم بمراجعة الطلب وتحديد مدى إمكانية تقديم الاستشارة بناءً على الموضوع والمعلومات المقدمة ، إذا تم رفض الطلب، يتم إشعار مقدم الطلب بالرفض مع ذكر الأسباب، ويمكنه تعديل الطلب وفقًا للملاحظات وإعادة تقديمه .
اقدر اعرف كيف يتم تقييم الطلبات المرسلة لخدمة الاستشارة البحثية؟,جواب: يتم تقييم الطلبات من قبل موظف مختص يقوم بمراجعة الطلب وتحديد مدى إمكانية تقديم الاستشارة بناءً على الموضوع والمعلومات المقدمة ، إذا تم رفض الطلب، يتم إشعار مقدم الطلب بالرفض مع ذكر الأسباب، ويمكنه تعديل الطلب وفقًا للملاحظات وإعادة تقديمه .
وش الهدف من من هو المسؤول عن تقديم الاستشارة البحثية؟,جواب: يتم تقييم الطلبات من قبل موظف مختص يقوم بمراجعة الطلب وتحديد مدى إمكانية تقديم الاستشارة بناءً على الموضوع والمعلومات المقدمة، إذا تم رفض الطلب، يتم إشعار مقدم الطلب بالرفض مع ذكر الأسباب، ويمكنه تعديل الطلب وفقًا للملاحظات وإعادة تقديمه.
من هو المسؤول عن تقديم الاستشارة البحثية؟,جواب: يتم تقييم الطلبات من قبل موظف مختص يقوم بمراجعة الطلب وتحديد مدى إمكانية تقديم الاستشارة بناءً على الموضوع والمعلومات المقدمة، إذا تم رفض الطلب، يتم إشعار مقدم الطلب بالرفض مع ذكر الأسباب، ويمكنه تعديل الطلب وفقًا للملاحظات وإعادة تقديمه.
هل المقصود بـ من هو المسؤول عن تقديم الاستشارة البحثية هو شي محدد؟,جواب: يتم تقييم الطلبات من قبل موظف مختص يقوم بمراجعة الطلب وتحديد مدى إمكانية تقديم الاستشارة بناءً على الموضوع والمعلومات المقدمة، إذا تم رفض الطلب، يتم إشعار مقدم الطلب بالرفض مع ذكر الأسباب، ويمكنه تعديل الطلب وفقًا للملاحظات وإعادة تقديمه.
ممكن تقول لي وش يعني من هو المسؤول عن تقديم الاستشارة البحثية؟,جواب: يتم تقييم الطلبات من قبل موظف مختص يقوم بمراجعة الطلب وتحديد مدى إمكانية تقديم الاستشارة بناءً على الموضوع والمعلومات المقدمة، إذا تم رفض الطلب، يتم إشعار مقدم الطلب بالرفض مع ذكر الأسباب، ويمكنه تعديل الطلب وفقًا للملاحظات وإعادة تقديمه.
وش تقصدون بـ من هو المسؤول عن تقديم الاستشاره البحثيه؟,جواب: يتم تقييم الطلبات من قبل موظف مختص يقوم بمراجعة الطلب وتحديد مدى إمكانية تقديم الاستشارة بناءً على الموضوع والمعلومات المقدمة، إذا تم رفض الطلب، يتم إشعار مقدم الطلب بالرفض مع ذكر الأسباب، ويمكنه تعديل الطلب وفقًا للملاحظات وإعادة تقديمه.
وش يعني من هو المسؤول عن تقديم الاستشاره البحثيه؟,جواب: يتم تقييم الطلبات من قبل موظف مختص يقوم بمراجعة الطلب وتحديد مدى إمكانية تقديم الاستشارة بناءً على الموضوع والمعلومات المقدمة، إذا تم رفض الطلب، يتم إشعار مقدم الطلب بالرفض مع ذكر الأسباب، ويمكنه تعديل الطلب وفقًا للملاحظات وإعادة تقديمه.
وش المقصود بـ من هو المسؤول عن تقديم الاستشارة البحثية؟,جواب: يتم تقييم الطلبات من قبل موظف مختص يقوم بمراجعة الطلب وتحديد مدى إمكانية تقديم الاستشارة بناءً على الموضوع والمعلومات المقدمة، إذا تم رفض الطلب، يتم إشعار مقدم الطلب بالرفض مع ذكر الأسباب، ويمكنه تعديل الطلب وفقًا للملاحظات وإعادة تقديمه.
تقدر تشرح لي موضوع من هو المسؤول عن تقديم الاستشارة البحثية؟,جواب: يتم تقييم الطلبات من قبل موظف مختص يقوم بمراجعة الطلب وتحديد مدى إمكانية تقديم الاستشارة بناءً على الموضوع والمعلومات المقدمة، إذا تم رفض الطلب، يتم إشعار مقدم الطلب بالرفض مع ذكر الأسباب، ويمكنه تعديل الطلب وفقًا للملاحظات وإعادة تقديمه.
ابي افهم هل يوجد خطوات لمتابعه حاله طلب الاستشاره البحثيه؟,جواب: يتم تعيين باحث مختص ليقوم بالرد على الاستشارة واتخاذ القرار المناسب.
اقدر اعرف هل يوجد خطوات لمتابعة حالة طلب الاستشارة البحثية؟,جواب: يتم تعيين باحث مختص ليقوم بالرد على الاستشارة واتخاذ القرار المناسب.
تقدر تشرح لي موضوع هل يوجد خطوات لمتابعه حاله طلب الاستشاره البحثيه؟,جواب: يتم تعيين باحث مختص ليقوم بالرد على الاستشارة واتخاذ القرار المناسب.
هل يوجد خطوات لمتابعة حالة طلب الاستشارة البحثية؟,جواب: يتم تعيين باحث مختص ليقوم بالرد على الاستشارة واتخاذ القرار المناسب.
لو تقدر تشرحلي هل يوجد خطوات لمتابعة حالة طلب الاستشارة البحثية؟,جواب: يتم تعيين باحث مختص ليقوم بالرد على الاستشارة واتخاذ القرار المناسب.
وش تقصدون بـ هل يوجد خطوات لمتابعه حاله طلب الاستشاره البحثيه؟,جواب: يتم تعيين باحث مختص ليقوم بالرد على الاستشارة واتخاذ القرار المناسب.
ابي افهم هل يوجد خطوات لمتابعة حالة طلب الاستشارة البحثية؟,جواب: يتم تعيين باحث مختص ليقوم بالرد على الاستشارة واتخاذ القرار المناسب.
تقدر تشرح لي موضوع هل يوجد خطوات لمتابعة حالة طلب الاستشارة البحثية؟,جواب: يتم تعيين باحث مختص ليقوم بالرد على الاستشارة واتخاذ القرار المناسب.
